Model,Dataset,Prior Type,Prior Dist,Sigma,Channel Type,Channel Type (SNR),SNR (dB),Channel Layer,MC Samples,Norm Type,Seed,Lipschitz Constant
cnn-4,mnist,rand,gaussian,sig0.03,bec-outage0.1,bec-outage0.1,,chan-layer2,mcsamples2000,norm-frob,seed7,0.005350837018340826
cnn-4,mnist,rand,gaussian,sig0.03,bec-outage0.1,bec-outage0.1,,chan-layer2,mcsamples2000,norm-spec,seed7,0.05532846599817276
cnn-4,mnist,rand,gaussian,sig0.03,bec-outage0.2,bec-outage0.2,,chan-layer2,mcsamples2000,norm-frob,seed7,0.0046387952752411366
cnn-4,mnist,rand,gaussian,sig0.03,bec-outage0.2,bec-outage0.2,,chan-layer2,mcsamples2000,norm-spec,seed7,0.05487917736172676
cnn-4,mnist,rand,gaussian,sig0.03,bec-outage0.3,bec-outage0.3,,chan-layer2,mcsamples2000,norm-frob,seed7,0.003994087688624859
cnn-4,mnist,rand,gaussian,sig0.03,bec-outage0.3,bec-outage0.3,,chan-layer2,mcsamples2000,norm-spec,seed7,0.052444908767938614
cnn-4,mnist,rand,gaussian,sig0.03,bec-outage0.4,bec-outage0.4,,chan-layer2,mcsamples2000,norm-frob,seed7,0.003558413591235876
cnn-4,mnist,rand,gaussian,sig0.03,bec-outage0.4,bec-outage0.4,,chan-layer2,mcsamples2000,norm-spec,seed7,0.05086333304643631
cnn-4,mnist,rand,gaussian,sig0.03,bec-outage0.5,bec-outage0.5,,chan-layer2,mcsamples2000,norm-frob,seed7,0.0032662481535226107
cnn-4,mnist,rand,gaussian,sig0.03,bec-outage0.5,bec-outage0.5,,chan-layer2,mcsamples2000,norm-spec,seed7,0.05011507868766785
cnn-4,mnist,rand,gaussian,sig0.03,bec-outage0.6,bec-outage0.6,,chan-layer2,mcsamples2000,norm-frob,seed7,0.0031447941437363625
cnn-4,mnist,rand,gaussian,sig0.03,bec-outage0.6,bec-outage0.6,,chan-layer2,mcsamples2000,norm-spec,seed7,0.05136360228061676
cnn-4,mnist,rand,gaussian,sig0.03,bec-outage0.7,bec-outage0.7,,chan-layer2,mcsamples2000,norm-frob,seed7,0.002919439459219575
cnn-4,mnist,rand,gaussian,sig0.03,bec-outage0.7,bec-outage0.7,,chan-layer2,mcsamples2000,norm-spec,seed7,0.050345152616500854
cnn-4,mnist,rand,gaussian,sig0.03,bec-outage0.8,bec-outage0.8,,chan-layer2,mcsamples2000,norm-frob,seed7,0.002531683538109064
cnn-4,mnist,rand,gaussian,sig0.03,bec-outage0.8,bec-outage0.8,,chan-layer2,mcsamples2000,norm-spec,seed7,0.04598374292254448
cnn-4,mnist,rand,gaussian,sig0.03,bec-outage0.9,bec-outage0.9,,chan-layer2,mcsamples2000,norm-frob,seed7,0.002352675888687372
cnn-4,mnist,rand,gaussian,sig0.03,bec-outage0.9,bec-outage0.9,,chan-layer2,mcsamples2000,norm-spec,seed7,0.044799868017435074
cnn-4,mnist,rand,gaussian,sig0.03,bec-outage1.0,bec-outage1.0,,chan-layer2,mcsamples2000,norm-frob,seed7,0.002226288430392742
cnn-4,mnist,rand,gaussian,sig0.03,bec-outage1.0,bec-outage1.0,,chan-layer2,mcsamples2000,norm-spec,seed7,0.04417402669787407
cnn-4,mnist,rand,gaussian,sig0.03,rayleigh-tx1.0-noise0.1,rayleigh-snr10.0dB,10.0,chan-layer2,mcsamples2000,norm-frob,seed7,0.01198800839483738
cnn-4,mnist,rand,gaussian,sig0.03,rayleigh-tx1.0-noise0.1,rayleigh-snr10.0dB,10.0,chan-layer2,mcsamples2000,norm-spec,seed7,0.08890123665332794
cnn-4,mnist,rand,gaussian,sig0.03,rayleigh-tx1.0-noise0.1778,rayleigh-snr7.5dB,7.50068243365805,chan-layer2,mcsamples2000,norm-frob,seed7,0.012786699458956718
cnn-4,mnist,rand,gaussian,sig0.03,rayleigh-tx1.0-noise0.1778,rayleigh-snr7.5dB,7.50068243365805,chan-layer2,mcsamples2000,norm-spec,seed7,0.1048804372549057
cnn-4,mnist,rand,gaussian,sig0.03,rayleigh-tx1.0-noise0.3162,rayleigh-snr5.0dB,5.0003813440380975,chan-layer2,mcsamples2000,norm-frob,seed7,0.014076138846576214
cnn-4,mnist,rand,gaussian,sig0.03,rayleigh-tx1.0-noise0.3162,rayleigh-snr5.0dB,5.0003813440380975,chan-layer2,mcsamples2000,norm-spec,seed7,0.11339705437421799
cnn-4,mnist,rand,gaussian,sig0.03,rayleigh-tx1.0-noise0.5623,rayleigh-snr2.5dB,2.500319164905971,chan-layer2,mcsamples2000,norm-frob,seed7,0.014980992302298546
cnn-4,mnist,rand,gaussian,sig0.03,rayleigh-tx1.0-noise0.5623,rayleigh-snr2.5dB,2.500319164905971,chan-layer2,mcsamples2000,norm-spec,seed7,0.11609852313995361
cnn-4,mnist,rand,gaussian,sig0.03,rayleigh-tx1.0-noise1.0,rayleigh-snr0.0dB,0.0,chan-layer2,mcsamples2000,norm-frob,seed7,0.014965075999498367
cnn-4,mnist,rand,gaussian,sig0.03,rayleigh-tx1.0-noise1.0,rayleigh-snr0.0dB,0.0,chan-layer2,mcsamples2000,norm-spec,seed7,0.11748018115758896
cnn-4,mnist,rand,gaussian,sig0.03,rayleigh-tx1.0-noise1.7783,rayleigh-snr-2.5dB,-2.500050284868957,chan-layer2,mcsamples2000,norm-frob,seed7,0.015615877695381641
cnn-4,mnist,rand,gaussian,sig0.03,rayleigh-tx1.0-noise1.7783,rayleigh-snr-2.5dB,-2.500050284868957,chan-layer2,mcsamples2000,norm-spec,seed7,0.12054681777954102
cnn-4,mnist,rand,gaussian,sig0.03,rayleigh-tx1.0-noise10.0,rayleigh-snr-10.0dB,-10.0,chan-layer2,mcsamples2000,norm-frob,seed7,0.015778720378875732
cnn-4,mnist,rand,gaussian,sig0.03,rayleigh-tx1.0-noise10.0,rayleigh-snr-10.0dB,-10.0,chan-layer2,mcsamples2000,norm-spec,seed7,0.11850356310606003
cnn-4,mnist,rand,gaussian,sig0.03,rayleigh-tx1.0-noise3.1623,rayleigh-snr-5.0dB,-5.000030680516932,chan-layer2,mcsamples2000,norm-frob,seed7,0.015693582594394684
cnn-4,mnist,rand,gaussian,sig0.03,rayleigh-tx1.0-noise3.1623,rayleigh-snr-5.0dB,-5.000030680516932,chan-layer2,mcsamples2000,norm-spec,seed7,0.12005262821912766
cnn-4,mnist,rand,gaussian,sig0.03,rayleigh-tx1.0-noise5.6234,rayleigh-snr-7.5dB,-7.499989765583491,chan-layer2,mcsamples2000,norm-frob,seed7,0.01565179042518139
cnn-4,mnist,rand,gaussian,sig0.03,rayleigh-tx1.0-noise5.6234,rayleigh-snr-7.5dB,-7.499989765583491,chan-layer2,mcsamples2000,norm-spec,seed7,0.11713028699159622
cnn-9,cifar10,rand,gaussian,sig0.03,bec-outage0.1,bec-outage0.1,,chan-layer4,mcsamples2000,norm-frob,seed7,0.001539559569209814
cnn-9,cifar10,rand,gaussian,sig0.03,bec-outage0.1,bec-outage0.1,,chan-layer4,mcsamples2000,norm-spec,seed7,0.01907847821712494
cnn-9,cifar10,rand,gaussian,sig0.03,bec-outage0.2,bec-outage0.2,,chan-layer4,mcsamples2000,norm-frob,seed7,0.001446129404939711
cnn-9,cifar10,rand,gaussian,sig0.03,bec-outage0.2,bec-outage0.2,,chan-layer4,mcsamples2000,norm-spec,seed7,0.018462425097823143
cnn-9,cifar10,rand,gaussian,sig0.03,bec-outage0.3,bec-outage0.3,,chan-layer4,mcsamples2000,norm-frob,seed7,0.0013904329389333725
cnn-9,cifar10,rand,gaussian,sig0.03,bec-outage0.3,bec-outage0.3,,chan-layer4,mcsamples2000,norm-spec,seed7,0.01836155354976654
cnn-9,cifar10,rand,gaussian,sig0.03,bec-outage0.4,bec-outage0.4,,chan-layer4,mcsamples2000,norm-frob,seed7,0.0012241966323927045
cnn-9,cifar10,rand,gaussian,sig0.03,bec-outage0.4,bec-outage0.4,,chan-layer4,mcsamples2000,norm-spec,seed7,0.016656646504998207
cnn-9,cifar10,rand,gaussian,sig0.03,bec-outage0.5,bec-outage0.5,,chan-layer4,mcsamples2000,norm-frob,seed7,0.0012209281558170915
cnn-9,cifar10,rand,gaussian,sig0.03,bec-outage0.5,bec-outage0.5,,chan-layer4,mcsamples2000,norm-spec,seed7,0.01720277965068817
cnn-9,cifar10,rand,gaussian,sig0.03,bec-outage0.6,bec-outage0.6,,chan-layer4,mcsamples2000,norm-frob,seed7,0.0011961298296228051
cnn-9,cifar10,rand,gaussian,sig0.03,bec-outage0.6,bec-outage0.6,,chan-layer4,mcsamples2000,norm-spec,seed7,0.01732763648033142
cnn-9,cifar10,rand,gaussian,sig0.03,bec-outage0.7,bec-outage0.7,,chan-layer4,mcsamples2000,norm-frob,seed7,0.0011463849805295467
cnn-9,cifar10,rand,gaussian,sig0.03,bec-outage0.7,bec-outage0.7,,chan-layer4,mcsamples2000,norm-spec,seed7,0.01701960153877735
cnn-9,cifar10,rand,gaussian,sig0.03,bec-outage0.8,bec-outage0.8,,chan-layer4,mcsamples2000,norm-frob,seed7,0.0010735866380855441
cnn-9,cifar10,rand,gaussian,sig0.03,bec-outage0.8,bec-outage0.8,,chan-layer4,mcsamples2000,norm-spec,seed7,0.016347769647836685
cnn-9,cifar10,rand,gaussian,sig0.03,bec-outage0.9,bec-outage0.9,,chan-layer4,mcsamples2000,norm-frob,seed7,0.0011005006963387132
cnn-9,cifar10,rand,gaussian,sig0.03,bec-outage0.9,bec-outage0.9,,chan-layer4,mcsamples2000,norm-spec,seed7,0.017148664221167564
cnn-9,cifar10,rand,gaussian,sig0.03,bec-outage1.0,bec-outage1.0,,chan-layer4,mcsamples2000,norm-frob,seed7,0.0011862979736179113
cnn-9,cifar10,rand,gaussian,sig0.03,bec-outage1.0,bec-outage1.0,,chan-layer4,mcsamples2000,norm-spec,seed7,0.018914952874183655
cnn-9,cifar10,rand,gaussian,sig0.03,rayleigh-tx1.0-noise0.1,rayleigh-snr10.0dB,10.0,chan-layer4,mcsamples2000,norm-frob,seed7,0.003385273041203618
cnn-9,cifar10,rand,gaussian,sig0.03,rayleigh-tx1.0-noise0.1,rayleigh-snr10.0dB,10.0,chan-layer4,mcsamples2000,norm-spec,seed7,0.038761451840400696
cnn-9,cifar10,rand,gaussian,sig0.03,rayleigh-tx1.0-noise0.1778,rayleigh-snr7.5dB,7.50068243365805,chan-layer4,mcsamples2000,norm-frob,seed7,0.004356509540230036
cnn-9,cifar10,rand,gaussian,sig0.03,rayleigh-tx1.0-noise0.1778,rayleigh-snr7.5dB,7.50068243365805,chan-layer4,mcsamples2000,norm-spec,seed7,0.04940185323357582
cnn-9,cifar10,rand,gaussian,sig0.03,rayleigh-tx1.0-noise0.3162,rayleigh-snr5.0dB,5.0003813440380975,chan-layer4,mcsamples2000,norm-frob,seed7,0.005657737143337727
cnn-9,cifar10,rand,gaussian,sig0.03,rayleigh-tx1.0-noise0.3162,rayleigh-snr5.0dB,5.0003813440380975,chan-layer4,mcsamples2000,norm-spec,seed7,0.06326573342084885
cnn-9,cifar10,rand,gaussian,sig0.03,rayleigh-tx1.0-noise0.5623,rayleigh-snr2.5dB,2.500319164905971,chan-layer4,mcsamples2000,norm-frob,seed7,0.0058255260810256
cnn-9,cifar10,rand,gaussian,sig0.03,rayleigh-tx1.0-noise0.5623,rayleigh-snr2.5dB,2.500319164905971,chan-layer4,mcsamples2000,norm-spec,seed7,0.06646094471216202
cnn-9,cifar10,rand,gaussian,sig0.03,rayleigh-tx1.0-noise1.0,rayleigh-snr0.0dB,0.0,chan-layer4,mcsamples2000,norm-frob,seed7,0.006279048975557089
cnn-9,cifar10,rand,gaussian,sig0.03,rayleigh-tx1.0-noise1.0,rayleigh-snr0.0dB,0.0,chan-layer4,mcsamples2000,norm-spec,seed7,0.07301505655050278
cnn-9,cifar10,rand,gaussian,sig0.03,rayleigh-tx1.0-noise1.7783,rayleigh-snr-2.5dB,-2.500050284868957,chan-layer4,mcsamples2000,norm-frob,seed7,0.006424053572118282
cnn-9,cifar10,rand,gaussian,sig0.03,rayleigh-tx1.0-noise1.7783,rayleigh-snr-2.5dB,-2.500050284868957,chan-layer4,mcsamples2000,norm-spec,seed7,0.07148222625255585
cnn-9,cifar10,rand,gaussian,sig0.03,rayleigh-tx1.0-noise10.0,rayleigh-snr-10.0dB,-10.0,chan-layer4,mcsamples2000,norm-frob,seed7,0.0069230468943715096
cnn-9,cifar10,rand,gaussian,sig0.03,rayleigh-tx1.0-noise10.0,rayleigh-snr-10.0dB,-10.0,chan-layer4,mcsamples2000,norm-spec,seed7,0.07281646132469177
cnn-9,cifar10,rand,gaussian,sig0.03,rayleigh-tx1.0-noise3.1623,rayleigh-snr-5.0dB,-5.000030680516932,chan-layer4,mcsamples2000,norm-frob,seed7,0.0065348283387720585
cnn-9,cifar10,rand,gaussian,sig0.03,rayleigh-tx1.0-noise3.1623,rayleigh-snr-5.0dB,-5.000030680516932,chan-layer4,mcsamples2000,norm-spec,seed7,0.0712573379278183
cnn-9,cifar10,rand,gaussian,sig0.03,rayleigh-tx1.0-noise5.6234,rayleigh-snr-7.5dB,-7.499989765583491,chan-layer4,mcsamples2000,norm-frob,seed7,0.00688794394955039
cnn-9,cifar10,rand,gaussian,sig0.03,rayleigh-tx1.0-noise5.6234,rayleigh-snr-7.5dB,-7.499989765583491,chan-layer4,mcsamples2000,norm-spec,seed7,0.07415730506181717
fcn-4,mnist,rand,gaussian,sig0.03,bec-outage0.1,bec-outage0.1,,chan-layer2,mcsamples2000,norm-frob,seed7,0.01062773633748293
fcn-4,mnist,rand,gaussian,sig0.03,bec-outage0.1,bec-outage0.1,,chan-layer2,mcsamples2000,norm-spec,seed7,0.08788043260574341
fcn-4,mnist,rand,gaussian,sig0.03,bec-outage0.2,bec-outage0.2,,chan-layer2,mcsamples2000,norm-frob,seed7,0.010358491912484169
fcn-4,mnist,rand,gaussian,sig0.03,bec-outage0.2,bec-outage0.2,,chan-layer2,mcsamples2000,norm-spec,seed7,0.08690080046653748
fcn-4,mnist,rand,gaussian,sig0.03,bec-outage0.3,bec-outage0.3,,chan-layer2,mcsamples2000,norm-frob,seed7,0.010044439695775509
fcn-4,mnist,rand,gaussian,sig0.03,bec-outage0.3,bec-outage0.3,,chan-layer2,mcsamples2000,norm-spec,seed7,0.08522093296051025
fcn-4,mnist,rand,gaussian,sig0.03,bec-outage0.4,bec-outage0.4,,chan-layer2,mcsamples2000,norm-frob,seed7,0.00908521469682455
fcn-4,mnist,rand,gaussian,sig0.03,bec-outage0.4,bec-outage0.4,,chan-layer2,mcsamples2000,norm-spec,seed7,0.07819744944572449
fcn-4,mnist,rand,gaussian,sig0.03,bec-outage0.5,bec-outage0.5,,chan-layer2,mcsamples2000,norm-frob,seed7,0.009174545295536518
fcn-4,mnist,rand,gaussian,sig0.03,bec-outage0.5,bec-outage0.5,,chan-layer2,mcsamples2000,norm-spec,seed7,0.08002778887748718
fcn-4,mnist,rand,gaussian,sig0.03,bec-outage0.6,bec-outage0.6,,chan-layer2,mcsamples2000,norm-frob,seed7,0.009435627609491348
fcn-4,mnist,rand,gaussian,sig0.03,bec-outage0.6,bec-outage0.6,,chan-layer2,mcsamples2000,norm-spec,seed7,0.08300289511680603
fcn-4,mnist,rand,gaussian,sig0.03,bec-outage0.7,bec-outage0.7,,chan-layer2,mcsamples2000,norm-frob,seed7,0.008816031739115715
fcn-4,mnist,rand,gaussian,sig0.03,bec-outage0.7,bec-outage0.7,,chan-layer2,mcsamples2000,norm-spec,seed7,0.07871841639280319
fcn-4,mnist,rand,gaussian,sig0.03,bec-outage0.8,bec-outage0.8,,chan-layer2,mcsamples2000,norm-frob,seed7,0.008771738968789577
fcn-4,mnist,rand,gaussian,sig0.03,bec-outage0.8,bec-outage0.8,,chan-layer2,mcsamples2000,norm-spec,seed7,0.07928577810525894
fcn-4,mnist,rand,gaussian,sig0.03,bec-outage0.9,bec-outage0.9,,chan-layer2,mcsamples2000,norm-frob,seed7,0.008642110042273998
fcn-4,mnist,rand,gaussian,sig0.03,bec-outage0.9,bec-outage0.9,,chan-layer2,mcsamples2000,norm-spec,seed7,0.07882003486156464
fcn-4,mnist,rand,gaussian,sig0.03,bec-outage1.0,bec-outage1.0,,chan-layer2,mcsamples2000,norm-frob,seed7,0.0085220355540514
fcn-4,mnist,rand,gaussian,sig0.03,bec-outage1.0,bec-outage1.0,,chan-layer2,mcsamples2000,norm-spec,seed7,0.07868628203868866
fcn-4,mnist,rand,gaussian,sig0.03,rayleigh-tx1.0-noise0.1,rayleigh-snr10.0dB,10.0,chan-layer2,mcsamples2000,norm-frob,seed7,0.016149573028087616
fcn-4,mnist,rand,gaussian,sig0.03,rayleigh-tx1.0-noise0.1,rayleigh-snr10.0dB,10.0,chan-layer2,mcsamples2000,norm-spec,seed7,0.12081395089626312
fcn-4,mnist,rand,gaussian,sig0.03,rayleigh-tx1.0-noise0.1778,rayleigh-snr7.5dB,7.50068243365805,chan-layer2,mcsamples2000,norm-frob,seed7,0.01614573784172535
fcn-4,mnist,rand,gaussian,sig0.03,rayleigh-tx1.0-noise0.1778,rayleigh-snr7.5dB,7.50068243365805,chan-layer2,mcsamples2000,norm-spec,seed7,0.12000611424446106
fcn-4,mnist,rand,gaussian,sig0.03,rayleigh-tx1.0-noise0.3162,rayleigh-snr5.0dB,5.0003813440380975,chan-layer2,mcsamples2000,norm-frob,seed7,0.01607736386358738
fcn-4,mnist,rand,gaussian,sig0.03,rayleigh-tx1.0-noise0.3162,rayleigh-snr5.0dB,5.0003813440380975,chan-layer2,mcsamples2000,norm-spec,seed7,0.1199093610048294
fcn-4,mnist,rand,gaussian,sig0.03,rayleigh-tx1.0-noise0.5623,rayleigh-snr2.5dB,2.500319164905971,chan-layer2,mcsamples2000,norm-frob,seed7,0.0160056259483099
fcn-4,mnist,rand,gaussian,sig0.03,rayleigh-tx1.0-noise0.5623,rayleigh-snr2.5dB,2.500319164905971,chan-layer2,mcsamples2000,norm-spec,seed7,0.12478849291801453
fcn-4,mnist,rand,gaussian,sig0.03,rayleigh-tx1.0-noise1.0,rayleigh-snr0.0dB,0.0,chan-layer2,mcsamples2000,norm-frob,seed7,0.01664331741631031
fcn-4,mnist,rand,gaussian,sig0.03,rayleigh-tx1.0-noise1.0,rayleigh-snr0.0dB,0.0,chan-layer2,mcsamples2000,norm-spec,seed7,0.12923996150493622
fcn-4,mnist,rand,gaussian,sig0.03,rayleigh-tx1.0-noise1.7783,rayleigh-snr-2.5dB,-2.500050284868957,chan-layer2,mcsamples2000,norm-frob,seed7,0.01663566567003727
fcn-4,mnist,rand,gaussian,sig0.03,rayleigh-tx1.0-noise1.7783,rayleigh-snr-2.5dB,-2.500050284868957,chan-layer2,mcsamples2000,norm-spec,seed7,0.12579654157161713
fcn-4,mnist,rand,gaussian,sig0.03,rayleigh-tx1.0-noise10.0,rayleigh-snr-10.0dB,-10.0,chan-layer2,mcsamples2000,norm-frob,seed7,0.01663319766521454
fcn-4,mnist,rand,gaussian,sig0.03,rayleigh-tx1.0-noise10.0,rayleigh-snr-10.0dB,-10.0,chan-layer2,mcsamples2000,norm-spec,seed7,0.11567004770040512
fcn-4,mnist,rand,gaussian,sig0.03,rayleigh-tx1.0-noise3.1623,rayleigh-snr-5.0dB,-5.000030680516932,chan-layer2,mcsamples2000,norm-frob,seed7,0.0166233591735363
fcn-4,mnist,rand,gaussian,sig0.03,rayleigh-tx1.0-noise3.1623,rayleigh-snr-5.0dB,-5.000030680516932,chan-layer2,mcsamples2000,norm-spec,seed7,0.12078560888767242
fcn-4,mnist,rand,gaussian,sig0.03,rayleigh-tx1.0-noise5.6234,rayleigh-snr-7.5dB,-7.499989765583491,chan-layer2,mcsamples2000,norm-frob,seed7,0.016688110306859016
fcn-4,mnist,rand,gaussian,sig0.03,rayleigh-tx1.0-noise5.6234,rayleigh-snr-7.5dB,-7.499989765583491,chan-layer2,mcsamples2000,norm-spec,seed7,0.1216018870472908
