Model,Dataset,Epochs,Channel Type,Channel Param,Norm Type,Objective,KL Penalty,Chan Penalty,Pop Loss CE (MC),Pop Err 01 (MC),Risk CE (LHS),Bound CE (RHS),Valid CE,Eff CE,Emp Loss CE,Risk 01 (LHS),Bound 01 (RHS),Valid 01,Eff 01,Emp Err 01,KL Term,Channel Term,Lipschitz,Dimension,Train Loss CE,Pop Loss CE,Pop Loss CE (Wired),Train Err 01,Pop Err 01,Pop Err 01 (Wired),Folder,File
cnn-9,cifar10,5.0,bec,outage 0.1,frob,vanilla,1.0,0.0,0.20056608319282532,0.8990549999999999,0.20041320323944092,1.0679275376326705,✓,-,0.263922851957125,0.8939,0.3910333860951592,✗,-,0.9408170034946362,14.502819061279297,0.04351871714733184,0.0015182452043518424,8192.0,0.20156490802764893,0.20041320323944092,0.20068745613098143,0.9035265929648213,0.8939,0.9011,cnn-9_cifar10_rand_gaussian_sig0.03_bounded-pmin1e-05_epoch5_bs250_lr0.001_mon0.95_dp0.0_objective-vanilla_seed7,bec-outage0.1_chan-layer4_mcsamples500_norm-frob_seed7_bounds.json
cnn-9,cifar10,10.0,bec,outage 0.1,frob,vanilla,1.0,0.0,0.20025523006916046,0.8978361999999998,0.20010924339294434,1.1421233532113377,✓,-,0.263579727432797,0.8925,0.4659785127402832,✗,-,0.9397245679038516,31.337783813476562,0.04351871714733184,0.0015182452043518424,8192.0,0.20125220715999603,0.20010924339294434,0.200345778465271,0.9021546934673341,0.8925,0.8988,cnn-9_cifar10_rand_gaussian_sig0.03_bounded-pmin1e-05_epoch10_bs250_lr0.001_mon0.95_dp0.0_objective-vanilla_seed7,bec-outage0.1_chan-layer4_mcsamples500_norm-frob_seed7_bounds.json
cnn-9,cifar10,10.0,bec,outage 0.1,frob,channel_grad,0.0001,0.0001,0.20023386180400848,0.8976656,0.2001826524734497,2.8542847633361816,✓,✓,0.26356446696307395,0.8967,2.178032875061035,✓,✓,0.9398166067724867,32.5933952331543,1.7499728889574697,0.061051614582538605,8192.0,0.2012389600276947,0.2001826524734497,0.20030789375305175,0.9022653668341679,0.8967,0.8991,cnn-9_cifar10_rand_gaussian_sig0.03_bounded-pmin1e-05_epoch10_bs250_lr0.001_mon0.95_dp0.0_objective-channel_gradient-chan0.0001-bec-outage0.1-frob-kl0.0001_seed7,bec-outage0.1_chan-layer4_mcsamples500_norm-frob_seed7_bounds.json
cnn-9,cifar10,10.0,bec,outage 0.1,frob,channel_grad,0.0001,0.001,0.20010404288768768,0.8976845999999997,0.2000760555267334,2.578568458557129,✓,✓,0.26341979029852947,0.8938,1.9021157026290894,✓,✓,0.9398724194025198,59.526920318603516,1.3537501784097707,0.04722852259874344,8192.0,0.20110517740249634,0.2000760555267334,0.20015578269958495,0.9023366432160783,0.8938,0.8985,cnn-9_cifar10_rand_gaussian_sig0.03_bounded-pmin1e-05_epoch10_bs250_lr0.001_mon0.95_dp0.0_objective-channel_gradient-chan0.001-bec-outage0.1-frob-kl0.0001_seed7,bec-outage0.1_chan-layer4_mcsamples500_norm-frob_seed7_bounds.json
cnn-9,cifar10,10.0,bec,outage 0.1,frob,channel_grad,0.0001,0.01,0.20006516575813293,0.8990160000000001,0.20004379749298096,2.8496041297912598,✓,✓,0.26337966378834454,0.8972,2.1721975803375244,✓,✗,0.9407863075270176,288.85321044921875,0.598293828419818,0.020872782915830612,8192.0,0.20106826722621918,0.20004379749298096,0.2000739812850952,0.9034957587939676,0.8972,0.902,cnn-9_cifar10_rand_gaussian_sig0.03_bounded-pmin1e-05_epoch10_bs250_lr0.001_mon0.95_dp0.0_objective-channel_gradient-chan0.01-bec-outage0.1-frob-kl0.0001_seed7,bec-outage0.1_chan-layer4_mcsamples500_norm-frob_seed7_bounds.json
cnn-9,cifar10,10.0,bec,outage 0.1,frob,channel_grad,0.001,0.0001,0.20028690993785858,0.8978427999999999,0.20022878646850586,2.9019582271575928,✓,✗,0.2636231483204888,0.8972,2.2256152629852295,✓,✗,0.939966030926914,27.94467544555664,1.818286508710279,0.06343488395214081,8192.0,0.20129269361495972,0.20022878646850586,0.20036716461181642,0.902450010050249,0.8972,0.8998,cnn-9_cifar10_rand_gaussian_sig0.03_bounded-pmin1e-05_epoch10_bs250_lr0.001_mon0.95_dp0.0_objective-channel_gradient-chan0.0001-bec-outage0.1-frob-kl0.001_seed7,bec-outage0.1_chan-layer4_mcsamples500_norm-frob_seed7_bounds.json
cnn-9,cifar10,10.0,bec,outage 0.1,frob,channel_grad,0.001,0.001,0.20014266669750214,0.8979046000000002,0.20011065006256104,2.6126649379730225,✓,✓,0.26346219687663197,0.8946000000000001,1.9360926151275635,✓,✗,0.9400345831656349,51.09148406982422,1.425409035675149,0.04972849786281586,8192.0,0.20114456117153168,0.20011065006256104,0.20020081996917724,0.9025420703517567,0.8946000000000001,0.8995,cnn-9_cifar10_rand_gaussian_sig0.03_bounded-pmin1e-05_epoch10_bs250_lr0.001_mon0.95_dp0.0_objective-channel_gradient-chan0.001-bec-outage0.1-frob-kl0.001_seed7,bec-outage0.1_chan-layer4_mcsamples500_norm-frob_seed7_bounds.json
cnn-9,cifar10,10.0,bec,outage 0.1,frob,channel_grad,0.001,0.01,0.200068399310112,0.8990892,0.2000476598739624,2.718289375305176,✓,✓,0.2633824940159737,0.8968,2.040836811065674,✓,✗,0.9408353272741788,248.1951446533203,0.6487585109983839,0.022633353248238564,8192.0,0.2010713368654251,0.2000476598739624,0.2000812530517578,0.9035564623115556,0.8968,0.9048,cnn-9_cifar10_rand_gaussian_sig0.03_bounded-pmin1e-05_epoch10_bs250_lr0.001_mon0.95_dp0.0_objective-channel_gradient-chan0.01-bec-outage0.1-frob-kl0.001_seed7,bec-outage0.1_chan-layer4_mcsamples500_norm-frob_seed7_bounds.json
cnn-9,cifar10,10.0,bec,outage 0.1,frob,channel_grad,0.01,0.0001,0.20070619881153107,0.8990630000000001,0.20061066150665283,3.2880313396453857,✓,✗,0.26408733487406555,0.8976999999999999,2.611203908920288,✓,✗,0.9409148086041439,8.880516052246094,2.288668462171796,0.07984518259763718,8192.0,0.20171689987182617,0.20061066150665283,0.2008136034011841,0.903647678391957,0.8976999999999999,0.904,cnn-9_cifar10_rand_gaussian_sig0.03_bounded-pmin1e-05_epoch10_bs250_lr0.001_mon0.95_dp0.0_objective-channel_gradient-chan0.0001-bec-outage0.1-frob-kl0.01_seed7,bec-outage0.1_chan-layer4_mcsamples500_norm-frob_seed7_bounds.json
cnn-9,cifar10,10.0,bec,outage 0.1,frob,channel_grad,0.01,0.001,0.20050182938575745,0.8990526000000002,0.20043210983276366,2.978931427001953,✓,✗,0.26386307799075576,0.8976,2.30184268951416,✓,✗,0.9409518606637586,16.660621643066406,1.9447379389080017,0.06784641742706299,8192.0,0.2015099823474884,0.20043210983276366,0.2005976676940918,0.9037081005025103,0.8976,0.9025,cnn-9_cifar10_rand_gaussian_sig0.03_bounded-pmin1e-05_epoch10_bs250_lr0.001_mon0.95_dp0.0_objective-channel_gradient-chan0.001-bec-outage0.1-frob-kl0.01_seed7,bec-outage0.1_chan-layer4_mcsamples500_norm-frob_seed7_bounds.json
cnn-9,cifar10,10.0,bec,outage 0.1,frob,channel_grad,0.01,0.01,0.2001621574163437,0.8995166000000003,0.20013587474822997,2.439962863922119,✓,✓,0.2634843959949795,0.9004,1.762105941772461,✓,✗,0.9413411509922576,91.38314819335938,1.0712104442547978,0.03737150877714157,8192.0,0.2011653333902359,0.20013587474822997,0.20019750595092772,0.9041903517587924,0.9004,0.9035,cnn-9_cifar10_rand_gaussian_sig0.03_bounded-pmin1e-05_epoch10_bs250_lr0.001_mon0.95_dp0.0_objective-channel_gradient-chan0.01-bec-outage0.1-frob-kl0.01_seed7,bec-outage0.1_chan-layer4_mcsamples500_norm-frob_seed7_bounds.json
cnn-9,cifar10,20.0,bec,outage 0.1,frob,vanilla,1.0,0.0,0.1999257355928421,0.8951032000000003,0.1998121738433838,1.281022650097896,✓,-,0.26322121302913193,0.889,0.6068063867815446,✗,-,0.9374374763454832,62.90802001953125,0.04351871714733184,0.0015182452043518424,8192.0,0.2009228616952896,0.1998121738433838,0.20000576972961426,0.89926050251256,0.889,0.895,cnn-9_cifar10_rand_gaussian_sig0.03_bounded-pmin1e-05_epoch20_bs250_lr0.001_mon0.95_dp0.0_objective-vanilla_seed7,bec-outage0.1_chan-layer4_mcsamples500_norm-frob_seed7_bounds.json
cnn-9,cifar10,20.0,bec,outage 0.1,frob,channel_grad,0.0001,0.0001,0.19991716742515564,0.8948593999999999,0.1998382329940796,2.741647958755493,✓,✓,0.2632244143148822,0.8941,2.0673060417175293,✓,✓,0.9375664382987805,65.89984130859375,1.4906351874300519,0.05200405418872833,8192.0,0.20092633366584778,0.1998382329940796,0.19988273382186889,0.8994286231155757,0.8941,0.8931,cnn-9_cifar10_rand_gaussian_sig0.03_bounded-pmin1e-05_epoch20_bs250_lr0.001_mon0.95_dp0.0_objective-channel_gradient-chan0.0001-bec-outage0.1-frob-kl0.0001_seed7,bec-outage0.1_chan-layer4_mcsamples500_norm-frob_seed7_bounds.json
cnn-9,cifar10,20.0,bec,outage 0.1,frob,channel_grad,0.0001,0.001,0.19992487132549286,0.8954517999999998,0.19983993768692015,2.5323033332824707,✓,✓,0.2632255959053308,0.8913,1.8575879335403442,✓,✗,0.9379408226717323,109.12431335449219,1.0876103088529332,0.037943653762340546,8192.0,0.20092761516571045,0.19983993768692015,0.19992197751998902,0.8998939095477368,0.8913,0.8956999999999999,cnn-9_cifar10_rand_gaussian_sig0.03_bounded-pmin1e-05_epoch20_bs250_lr0.001_mon0.95_dp0.0_objective-channel_gradient-chan0.001-bec-outage0.1-frob-kl0.0001_seed7,bec-outage0.1_chan-layer4_mcsamples500_norm-frob_seed7_bounds.json
cnn-9,cifar10,20.0,bec,outage 0.1,frob,channel_grad,0.0001,0.01,0.2000565081834793,0.8990022000000003,0.20000772476196288,3.3976378440856934,✓,✗,0.2633696092024308,0.8982,2.720244884490967,✓,✗,0.94076260274088,445.94891357421875,0.4437979506316479,0.015482857823371887,8192.0,0.20106066763401031,0.20000772476196288,0.20007081031799318,0.9034571256281384,0.8982,0.8983,cnn-9_cifar10_rand_gaussian_sig0.03_bounded-pmin1e-05_epoch20_bs250_lr0.001_mon0.95_dp0.0_objective-channel_gradient-chan0.01-bec-outage0.1-frob-kl0.0001_seed7,bec-outage0.1_chan-layer4_mcsamples500_norm-frob_seed7_bounds.json
cnn-9,cifar10,20.0,bec,outage 0.1,frob,channel_grad,0.001,0.0001,0.20002689957618713,0.8957954000000001,0.1999547839164734,2.7952256202697754,✓,✗,0.2633456093895351,0.8954,2.120225429534912,✓,✗,0.9383459942693814,49.263553619384766,1.617833124121977,0.05644163116812706,8192.0,0.2010379433631897,0.1999547839164734,0.1999884843826294,0.9004102110552739,0.8954,0.8944,cnn-9_cifar10_rand_gaussian_sig0.03_bounded-pmin1e-05_epoch20_bs250_lr0.001_mon0.95_dp0.0_objective-channel_gradient-chan0.0001-bec-outage0.1-frob-kl0.001_seed7,bec-outage0.1_chan-layer4_mcsamples500_norm-frob_seed7_bounds.json
cnn-9,cifar10,20.0,bec,outage 0.1,frob,channel_grad,0.001,0.001,0.19998139142990112,0.8961877999999999,0.1998973608016968,2.5434670448303223,✓,✗,0.26328866713221977,0.8927,1.8681703805923462,✓,✗,0.9385853595969473,82.02900695800781,1.2193036220145224,0.04253806173801422,8192.0,0.2009861022233963,0.1998973608016968,0.19996752738952636,0.9007185527638171,0.8927,0.8971,cnn-9_cifar10_rand_gaussian_sig0.03_bounded-pmin1e-05_epoch20_bs250_lr0.001_mon0.95_dp0.0_objective-channel_gradient-chan0.001-bec-outage0.1-frob-kl0.001_seed7,bec-outage0.1_chan-layer4_mcsamples500_norm-frob_seed7_bounds.json
cnn-9,cifar10,20.0,bec,outage 0.1,frob,channel_grad,0.001,0.01,0.20005814731121063,0.8988352,0.19999457597732545,2.992048978805542,✓,✗,0.2633738247264883,0.8951,2.314751386642456,✓,✗,0.9406713447738229,338.24365234375,0.5199728465046718,0.018140384927392006,8192.0,0.2010619342327118,0.19999457597732545,0.2000758409500122,0.9033468542713547,0.8951,0.9009,cnn-9_cifar10_rand_gaussian_sig0.03_bounded-pmin1e-05_epoch20_bs250_lr0.001_mon0.95_dp0.0_objective-channel_gradient-chan0.01-bec-outage0.1-frob-kl0.001_seed7,bec-outage0.1_chan-layer4_mcsamples500_norm-frob_seed7_bounds.json
cnn-9,cifar10,20.0,bec,outage 0.1,frob,channel_grad,0.01,0.0001,0.20066526532173157,0.8988841999999997,0.2006089210510254,3.290736198425293,✓,✗,0.2640547551596658,0.9011,2.6139028072357178,✓,✗,0.9408879814336357,9.731274604797363,2.28759531236966,0.07980774343013763,8192.0,0.2016848623752594,0.2006089210510254,0.20061795711517333,0.9036231155778871,0.9011,0.8987,cnn-9_cifar10_rand_gaussian_sig0.03_bounded-pmin1e-05_epoch20_bs250_lr0.001_mon0.95_dp0.0_objective-channel_gradient-chan0.0001-bec-outage0.1-frob-kl0.01_seed7,bec-outage0.1_chan-layer4_mcsamples500_norm-frob_seed7_bounds.json
cnn-9,cifar10,20.0,bec,outage 0.1,frob,channel_grad,0.01,0.001,0.20047126710414886,0.8989682000000001,0.20040225982666016,2.9782779216766357,✓,✗,0.2638358437340649,0.9004,2.3012218475341797,✓,✗,0.9408918032649602,17.731199264526367,1.939356599860395,0.0676586776971817,8192.0,0.20148704946041107,0.20040225982666016,0.2004312753677368,0.9036293467336659,0.9004,0.8998,cnn-9_cifar10_rand_gaussian_sig0.03_bounded-pmin1e-05_epoch20_bs250_lr0.001_mon0.95_dp0.0_objective-channel_gradient-chan0.001-bec-outage0.1-frob-kl0.01_seed7,bec-outage0.1_chan-layer4_mcsamples500_norm-frob_seed7_bounds.json
cnn-9,cifar10,20.0,bec,outage 0.1,frob,channel_grad,0.01,0.01,0.20015548169612885,0.8996246000000001,0.20007092952728273,2.4414613246917725,✓,✗,0.2634823489309359,0.898,1.7635297775268555,✓,✗,0.9414139479285863,94.5274658203125,1.0585743989826017,0.03693067282438278,8192.0,0.20116311311721802,0.20007092952728273,0.20016117095947267,0.9042901708542685,0.898,0.9027000000000001,cnn-9_cifar10_rand_gaussian_sig0.03_bounded-pmin1e-05_epoch20_bs250_lr0.001_mon0.95_dp0.0_objective-channel_gradient-chan0.01-bec-outage0.1-frob-kl0.01_seed7,bec-outage0.1_chan-layer4_mcsamples500_norm-frob_seed7_bounds.json
cnn-9,cifar10,30.0,bec,outage 0.1,frob,channel_grad,0.0001,0.0001,0.19965265691280365,0.8919855999999999,0.19964730739593506,2.80318021774292,✓,?,0.26293135223616254,0.8898,2.1308884620666504,✓,?,0.9352233959464031,101.2649154663086,1.3963532645248977,0.04871482402086258,8192.0,0.20065809786319733,0.19964730739593506,0.1995854377746582,0.8964888442211032,0.8898,0.8939,cnn-9_cifar10_rand_gaussian_sig0.03_bounded-pmin1e-05_epoch30_bs250_lr0.001_mon0.95_dp0.0_objective-channel_gradient-chan0.0001-bec-outage0.1-frob-kl0.0001_seed7,bec-outage0.1_chan-layer4_mcsamples500_norm-frob_seed7_bounds.json
cnn-9,cifar10,30.0,bec,outage 0.1,frob,channel_grad,0.0001,0.001,0.19982440769672394,0.893281,0.19982553720474244,2.587721347808838,✓,?,0.26310717118342875,0.8932,1.9146349430084229,✓,?,0.9361935841773906,149.50973510742188,0.9641666879712868,0.03363705426454544,8192.0,0.2008190155029297,0.19982553720474244,0.19978543519973754,0.8976999396984899,0.8932,0.8928,cnn-9_cifar10_rand_gaussian_sig0.03_bounded-pmin1e-05_epoch30_bs250_lr0.001_mon0.95_dp0.0_objective-channel_gradient-chan0.001-bec-outage0.1-frob-kl0.0001_seed7,bec-outage0.1_chan-layer4_mcsamples500_norm-frob_seed7_bounds.json
cnn-9,cifar10,30.0,bec,outage 0.1,frob,channel_grad,0.0001,0.01,0.20005464553833008,0.8990772000000001,0.20007495880126952,3.808002233505249,✓,?,0.26336616070692564,0.9032,3.13055682182312,✓,?,0.9408116765277708,554.216796875,0.36992432039775675,0.012905615381896496,8192.0,0.20105692744255066,0.20007495880126952,0.20003864765167237,0.9035179095477363,0.9032,0.903,cnn-9_cifar10_rand_gaussian_sig0.03_bounded-pmin1e-05_epoch30_bs250_lr0.001_mon0.95_dp0.0_objective-channel_gradient-chan0.01-bec-outage0.1-frob-kl0.0001_seed7,bec-outage0.1_chan-layer4_mcsamples500_norm-frob_seed7_bounds.json
cnn-9,cifar10,30.0,bec,outage 0.1,frob,channel_grad,0.001,0.0001,0.1998497098684311,0.8941804000000002,0.19985162019729613,2.804201602935791,✓,?,0.2631460512582108,0.8918,2.1303458213806152,✓,?,0.9370017000937163,66.92643737792969,1.5491625352359795,0.0540459081530571,8192.0,0.2008545696735382,0.19985162019729613,0.1997813582420349,0.8987180703517562,0.8918,0.8951,cnn-9_cifar10_rand_gaussian_sig0.03_bounded-pmin1e-05_epoch30_bs250_lr0.001_mon0.95_dp0.0_objective-channel_gradient-chan0.0001-bec-outage0.1-frob-kl0.001_seed7,bec-outage0.1_chan-layer4_mcsamples500_norm-frob_seed7_bounds.json
cnn-9,cifar10,30.0,bec,outage 0.1,frob,channel_grad,0.001,0.001,0.19989554584026337,0.8949275999999999,0.19990184307098388,2.5433712005615234,✓,?,0.26318711537694295,0.8945,1.8689799308776855,✓,?,0.937578342465611,100.25883483886719,1.138688395315914,0.03972562402486801,8192.0,0.20089249312877655,0.19990184307098388,0.19984781742095947,0.899447798994973,0.8945,0.8943,cnn-9_cifar10_rand_gaussian_sig0.03_bounded-pmin1e-05_epoch30_bs250_lr0.001_mon0.95_dp0.0_objective-channel_gradient-chan0.001-bec-outage0.1-frob-kl0.001_seed7,bec-outage0.1_chan-layer4_mcsamples500_norm-frob_seed7_bounds.json
cnn-9,cifar10,30.0,bec,outage 0.1,frob,channel_grad,0.01,0.0001,0.20065999031066895,0.8991369999999999,0.20066602230072023,3.2762765884399414,✓,?,0.2640353764928173,0.8963,2.59942889213562,✓,?,0.940883124009307,9.958877563476562,2.2721229481875795,0.0792679563164711,8192.0,0.20166714489459991,0.20066602230072023,0.20058274269104004,0.903615195979897,0.8963,0.8992,cnn-9_cifar10_rand_gaussian_sig0.03_bounded-pmin1e-05_epoch30_bs250_lr0.001_mon0.95_dp0.0_objective-channel_gradient-chan0.0001-bec-outage0.1-frob-kl0.01_seed7,bec-outage0.1_chan-layer4_mcsamples500_norm-frob_seed7_bounds.json
cnn-9,cifar10,30.0,bec,outage 0.1,frob,channel_grad,0.01,0.001,0.20047162473201752,0.8992080000000002,0.20048205852508544,2.9695346355438232,✓,?,0.26382602130596733,0.898,2.292433977127075,✓,?,0.9409267155534414,17.858909606933594,1.9300072760717562,0.06733250617980957,8192.0,0.20147639513015747,0.20048205852508544,0.20040221214294435,0.9036670954773847,0.898,0.8998,cnn-9_cifar10_rand_gaussian_sig0.03_bounded-pmin1e-05_epoch30_bs250_lr0.001_mon0.95_dp0.0_objective-channel_gradient-chan0.001-bec-outage0.1-frob-kl0.01_seed7,bec-outage0.1_chan-layer4_mcsamples500_norm-frob_seed7_bounds.json
cnn-9,cifar10,50.0,bec,outage 0.1,frob,vanilla,1.0,0.0,0.19795028865337372,0.8827097999999998,0.1978796601295471,2.1868760060638883,✓,-,0.2611577610504161,0.8831,1.5204463453635573,✓,-,0.9275874217507474,267.66552734375,0.04351871714733184,0.0015182452043518424,8192.0,0.19903619587421417,0.1978796601295471,0.19814186096191405,0.8869980301507521,0.8831,0.8861,cnn-9_cifar10_rand_gaussian_sig0.03_bounded-pmin1e-05_epoch50_bs250_lr0.001_mon0.95_dp0.0_objective-vanilla_seed7,bec-outage0.1_chan-layer4_mcsamples500_norm-frob_seed7_bounds.json
cnn-9,cifar10,50.0,bec,outage 0.1,frob,channel_grad,0.0001,0.0001,0.19847528636455536,0.885075,0.1987495541572571,3.6071348190307617,✓,✗,0.2617054091950234,0.8882,2.9395499229431152,✓,✗,0.9292901139197729,223.23757934570312,1.660762533201813,0.0579393170773983,8192.0,0.19953720271587372,0.1987495541572571,0.19853513240814208,0.8891058894472343,0.8882,0.8891,cnn-9_cifar10_rand_gaussian_sig0.03_bounded-pmin1e-05_epoch50_bs250_lr0.001_mon0.95_dp0.0_objective-channel_gradient-chan0.0001-bec-outage0.1-frob-kl0.0001_seed7,bec-outage0.1_chan-layer4_mcsamples500_norm-frob_seed7_bounds.json
cnn-9,cifar10,50.0,bec,outage 0.1,frob,channel_grad,0.0001,0.001,0.1995975822210312,0.8889440000000001,0.1997848391532898,2.8089258670806885,✓,✗,0.2628601535231765,0.8964,2.1392271518707275,✓,✗,0.9325590728740685,213.25765991210938,0.9039164275228254,0.03153509274125099,8192.0,0.20059411227703094,0.1997848391532898,0.19959815740585327,0.8931690854271332,0.8964,0.8904,cnn-9_cifar10_rand_gaussian_sig0.03_bounded-pmin1e-05_epoch50_bs250_lr0.001_mon0.95_dp0.0_objective-channel_gradient-chan0.001-bec-outage0.1-frob-kl0.0001_seed7,bec-outage0.1_chan-layer4_mcsamples500_norm-frob_seed7_bounds.json
cnn-9,cifar10,50.0,bec,outage 0.1,frob,channel_grad,0.0001,0.01,0.2000509798526764,0.8993378000000003,0.2001443862915039,4.387012481689453,✓,✗,0.2633651714970596,0.9081,3.709221124649048,✓,✗,0.9411560085245962,694.8458251953125,0.3196776313834755,0.011152650229632854,8192.0,0.2010558545589447,0.2001443862915039,0.20003302097320558,0.9039645427135656,0.9081,0.8975,cnn-9_cifar10_rand_gaussian_sig0.03_bounded-pmin1e-05_epoch50_bs250_lr0.001_mon0.95_dp0.0_objective-channel_gradient-chan0.01-bec-outage0.1-frob-kl0.0001_seed7,bec-outage0.1_chan-layer4_mcsamples500_norm-frob_seed7_bounds.json
cnn-9,cifar10,50.0,bec,outage 0.1,frob,channel_grad,0.001,0.0001,0.19940541684627533,0.8910594000000001,0.1996854782104492,3.061167001724243,✓,✗,0.2626855280837523,0.8958,2.389575242996216,✓,✗,0.9342772671581249,105.79766082763672,1.6350148397500863,0.05704105272889137,8192.0,0.20043450593948364,0.1996854782104492,0.1994408130645752,0.8953037185929623,0.8958,0.8888,cnn-9_cifar10_rand_gaussian_sig0.03_bounded-pmin1e-05_epoch50_bs250_lr0.001_mon0.95_dp0.0_objective-channel_gradient-chan0.0001-bec-outage0.1-frob-kl0.001_seed7,bec-outage0.1_chan-layer4_mcsamples500_norm-frob_seed7_bounds.json
cnn-9,cifar10,50.0,bec,outage 0.1,frob,channel_grad,0.001,0.001,0.1997380405664444,0.8926852000000003,0.1999564290046692,2.616136074066162,✓,✗,0.26301990267847486,0.8996,1.9433940649032593,✓,✗,0.9357618338388816,120.60271453857422,1.1222891714042276,0.03915350139141083,8192.0,0.20074090361595154,0.1999564290046692,0.19974937438964843,0.8971687236180884,0.8996,0.8907,cnn-9_cifar10_rand_gaussian_sig0.03_bounded-pmin1e-05_epoch50_bs250_lr0.001_mon0.95_dp0.0_objective-channel_gradient-chan0.001-bec-outage0.1-frob-kl0.001_seed7,bec-outage0.1_chan-layer4_mcsamples500_norm-frob_seed7_bounds.json
cnn-9,cifar10,50.0,bec,outage 0.1,frob,channel_grad,0.001,0.01,0.20005042850971222,0.8989478,0.2001661777496338,3.225107431411743,✓,✗,0.2633644295896601,0.9083,2.547741651535034,✓,✗,0.9407300441520496,407.5111083984375,0.44319896219233623,0.015461960807442665,8192.0,0.20105504989624023,0.2001661777496338,0.20003929138183593,0.9034232763819078,0.9083,0.8981,cnn-9_cifar10_rand_gaussian_sig0.03_bounded-pmin1e-05_epoch50_bs250_lr0.001_mon0.95_dp0.0_objective-channel_gradient-chan0.01-bec-outage0.1-frob-kl0.001_seed7,bec-outage0.1_chan-layer4_mcsamples500_norm-frob_seed7_bounds.json
cnn-9,cifar10,50.0,bec,outage 0.1,frob,channel_grad,0.01,0.0001,0.2006613314151764,0.8990778,0.20100300312042235,3.249689817428589,✓,✗,0.2640588350425933,0.9015,2.572887420654297,✓,✗,0.9408612532713401,9.554045677185059,2.2473683187318594,0.07840433716773987,8192.0,0.20168928802013397,0.20100300312042235,0.2007155418395996,0.9035795376884402,0.9015,0.8954,cnn-9_cifar10_rand_gaussian_sig0.03_bounded-pmin1e-05_epoch50_bs250_lr0.001_mon0.95_dp0.0_objective-channel_gradient-chan0.0001-bec-outage0.1-frob-kl0.01_seed7,bec-outage0.1_chan-layer4_mcsamples500_norm-frob_seed7_bounds.json
cnn-9,cifar10,50.0,bec,outage 0.1,frob,channel_grad,0.01,0.001,0.2004692554473877,0.8991144,0.20078330039978026,2.9499025344848633,✓,✗,0.26384255775972354,0.9016,2.2728118896484375,✓,✗,0.9409332730037793,17.39212417602539,1.9124560979247023,0.06672019511461258,8192.0,0.20149102807044983,0.20078330039978026,0.2005155563354492,0.9036777889447218,0.9016,0.8956,cnn-9_cifar10_rand_gaussian_sig0.03_bounded-pmin1e-05_epoch50_bs250_lr0.001_mon0.95_dp0.0_objective-channel_gradient-chan0.001-bec-outage0.1-frob-kl0.01_seed7,bec-outage0.1_chan-layer4_mcsamples500_norm-frob_seed7_bounds.json
cnn-9,cifar10,50.0,bec,outage 0.1,frob,channel_grad,0.01,0.01,0.2001538723707199,0.8995505999999995,0.20036723613739013,2.4346506595611572,✓,✗,0.26348218406671764,0.905,1.7567474842071533,✓,✗,0.9413852797218303,93.26253509521484,1.0574493535780938,0.03689142316579819,8192.0,0.2011629343032837,0.20036723613739013,0.20016260147094728,0.9042433366834148,0.905,0.8956,cnn-9_cifar10_rand_gaussian_sig0.03_bounded-pmin1e-05_epoch50_bs250_lr0.001_mon0.95_dp0.0_objective-channel_gradient-chan0.01-bec-outage0.1-frob-kl0.01_seed7,bec-outage0.1_chan-layer4_mcsamples500_norm-frob_seed7_bounds.json
cnn-9,cifar10,5.0,bec,outage 0.1,spec,vanilla,1.0,0.0,0.20056608319282532,0.8990549999999999,0.20041320323944092,1.043148265620336,✓,-,0.263922851957125,0.8939,0.3662541140828247,✗,-,0.9408170034946362,14.502819061279297,0.018739445134997368,0.018739445134997368,8192.0,0.20156490802764893,0.20041320323944092,0.20068745613098143,0.9035265929648213,0.8939,0.9011,cnn-9_cifar10_rand_gaussian_sig0.03_bounded-pmin1e-05_epoch5_bs250_lr0.001_mon0.95_dp0.0_objective-vanilla_seed7,bec-outage0.1_chan-layer4_mcsamples500_norm-spec_seed7_bounds.json
cnn-9,cifar10,10.0,bec,outage 0.1,spec,vanilla,1.0,0.0,0.20025523006916046,0.8978361999999998,0.20010924339294434,1.1173440811990032,✓,-,0.263579727432797,0.8925,0.4411992407279487,✗,-,0.9397245679038516,31.337783813476562,0.018739445134997368,0.018739445134997368,8192.0,0.20125220715999603,0.20010924339294434,0.200345778465271,0.9021546934673341,0.8925,0.8988,cnn-9_cifar10_rand_gaussian_sig0.03_bounded-pmin1e-05_epoch10_bs250_lr0.001_mon0.95_dp0.0_objective-vanilla_seed7,bec-outage0.1_chan-layer4_mcsamples500_norm-spec_seed7_bounds.json
cnn-9,cifar10,10.0,bec,outage 0.1,spec,channel_grad,0.0001,0.0001,0.20026230812072754,0.8976475999999999,0.20020532608032227,1.1474359035491943,✓,✗,0.2635973920116168,0.8969,0.4712204337120056,✗,✓,0.9398128687488727,29.88652992248535,0.0552331805229187,0.0552331805229187,8192.0,0.2012680619955063,0.20020532608032227,0.20034072399139405,0.9022592964824097,0.8969,0.8992,cnn-9_cifar10_rand_gaussian_sig0.03_bounded-pmin1e-05_epoch10_bs250_lr0.001_mon0.95_dp0.0_objective-channel_gradient-chan0.0001-bec-outage0.1-spec-kl0.0001_seed7,bec-outage0.1_chan-layer4_mcsamples500_norm-spec_seed7_bounds.json
cnn-9,cifar10,10.0,bec,outage 0.1,spec,channel_grad,0.0001,0.001,0.2002529352903366,0.8976481999999998,0.200197172164917,1.150442361831665,✓,✓,0.2635886132099312,0.8965,0.4742189943790436,✗,✓,0.9398119528093118,30.715557098388672,0.0545329786837101,0.0545329786837101,8192.0,0.20125854015350342,0.200197172164917,0.20032980442047119,0.9022578090452237,0.8965,0.8992,cnn-9_cifar10_rand_gaussian_sig0.03_bounded-pmin1e-05_epoch10_bs250_lr0.001_mon0.95_dp0.0_objective-channel_gradient-chan0.001-bec-outage0.1-spec-kl0.0001_seed7,bec-outage0.1_chan-layer4_mcsamples500_norm-spec_seed7_bounds.json
cnn-9,cifar10,10.0,bec,outage 0.1,spec,channel_grad,0.0001,0.01,0.2001807540655136,0.8976726,0.2001389741897583,1.1836960315704346,✓,✓,0.2635051661375344,0.8959,0.5073683857917786,✗,✓,0.9398329451538472,39.4318733215332,0.048785269260406494,0.048785269260406494,8192.0,0.20118455588817596,0.2001389741897583,0.20024576187133789,0.9022918994974853,0.8959,0.8988,cnn-9_cifar10_rand_gaussian_sig0.03_bounded-pmin1e-05_epoch10_bs250_lr0.001_mon0.95_dp0.0_objective-channel_gradient-chan0.01-bec-outage0.1-spec-kl0.0001_seed7,bec-outage0.1_chan-layer4_mcsamples500_norm-spec_seed7_bounds.json
cnn-9,cifar10,10.0,bec,outage 0.1,spec,channel_grad,0.001,0.0001,0.20031650364398956,0.8978704,0.2002535343170166,1.1307895183563232,✓,✗,0.2636571167271995,0.8973,0.4544609487056732,✗,✗,0.9399856500650857,25.64324378967285,0.057390518486499786,0.057390518486499786,8192.0,0.20132292807102203,0.2002535343170166,0.2004002332687378,0.9024818894472343,0.8973,0.8993,cnn-9_cifar10_rand_gaussian_sig0.03_bounded-pmin1e-05_epoch10_bs250_lr0.001_mon0.95_dp0.0_objective-channel_gradient-chan0.0001-bec-outage0.1-spec-kl0.001_seed7,bec-outage0.1_chan-layer4_mcsamples500_norm-spec_seed7_bounds.json
cnn-9,cifar10,10.0,bec,outage 0.1,spec,channel_grad,0.001,0.001,0.200306698679924,0.8978466,0.20024514198303223,1.1332826614379883,✓,✗,0.26364781598389864,0.8974,0.4569522440433502,✗,✗,0.9399782526851194,26.359853744506836,0.056686315685510635,0.056686315685510635,8192.0,0.2013128399848938,0.20024514198303223,0.20039002895355223,0.9024698693467318,0.8974,0.8989,cnn-9_cifar10_rand_gaussian_sig0.03_bounded-pmin1e-05_epoch10_bs250_lr0.001_mon0.95_dp0.0_objective-channel_gradient-chan0.001-bec-outage0.1-spec-kl0.001_seed7,bec-outage0.1_chan-layer4_mcsamples500_norm-spec_seed7_bounds.json
cnn-9,cifar10,10.0,bec,outage 0.1,spec,channel_grad,0.001,0.01,0.20022979378700256,0.8978198000000002,0.20018231868743896,1.160926103591919,✓,✓,0.2635601256105094,0.8962,0.48449552059173584,✗,✓,0.939990647626133,33.79867935180664,0.05104989930987358,0.05104989930987358,8192.0,0.20123425126075745,0.20018231868743896,0.20030038356781005,0.9024900100502494,0.8962,0.8996,cnn-9_cifar10_rand_gaussian_sig0.03_bounded-pmin1e-05_epoch10_bs250_lr0.001_mon0.95_dp0.0_objective-channel_gradient-chan0.01-bec-outage0.1-spec-kl0.001_seed7,bec-outage0.1_chan-layer4_mcsamples500_norm-spec_seed7_bounds.json
cnn-9,cifar10,10.0,bec,outage 0.1,spec,channel_grad,0.01,0.0001,0.20073924958705902,0.8990363999999997,0.20064013004302977,1.0684329271316528,✓,✗,0.2641242644270413,0.8984,0.39165955781936646,✗,✗,0.9408977209392693,8.130760192871094,0.07244017720222473,0.07244017720222473,8192.0,0.20175035297870636,0.20064013004302977,0.20084702968597412,0.9036389949748719,0.8984,0.9037,cnn-9_cifar10_rand_gaussian_sig0.03_bounded-pmin1e-05_epoch10_bs250_lr0.001_mon0.95_dp0.0_objective-channel_gradient-chan0.0001-bec-outage0.1-spec-kl0.01_seed7,bec-outage0.1_chan-layer4_mcsamples500_norm-spec_seed7_bounds.json
cnn-9,cifar10,10.0,bec,outage 0.1,spec,channel_grad,0.01,0.001,0.20072829723358154,0.8990286,0.20063045024871826,1.0689232349395752,✓,✗,0.26411400303070065,0.8978,0.3921389877796173,✗,✗,0.9408982633927476,8.368688583374023,0.07186586409807205,0.07186586409807205,8192.0,0.20173922181129456,0.20063045024871826,0.20083608627319335,0.9036398793969824,0.8978,0.9037,cnn-9_cifar10_rand_gaussian_sig0.03_bounded-pmin1e-05_epoch10_bs250_lr0.001_mon0.95_dp0.0_objective-channel_gradient-chan0.001-bec-outage0.1-spec-kl0.01_seed7,bec-outage0.1_chan-layer4_mcsamples500_norm-spec_seed7_bounds.json
cnn-9,cifar10,10.0,bec,outage 0.1,spec,channel_grad,0.01,0.01,0.200635626912117,0.8990822,0.2005467414855957,1.0752562284469604,✓,✗,0.26400935309172713,0.8976999999999999,0.3983398973941803,✗,✗,0.9409256308624081,10.84288501739502,0.0671064555644989,0.0671064555644989,8192.0,0.20164552330970764,0.2005467414855957,0.20074131488800048,0.9036653266331632,0.8976999999999999,0.903,cnn-9_cifar10_rand_gaussian_sig0.03_bounded-pmin1e-05_epoch10_bs250_lr0.001_mon0.95_dp0.0_objective-channel_gradient-chan0.01-bec-outage0.1-spec-kl0.01_seed7,bec-outage0.1_chan-layer4_mcsamples500_norm-spec_seed7_bounds.json
cnn-9,cifar10,20.0,bec,outage 0.1,spec,vanilla,1.0,0.0,0.1999257355928421,0.8951032000000003,0.1998121738433838,1.2562433780855615,✓,-,0.26322121302913193,0.889,0.5820271147692102,✗,-,0.9374374763454832,62.90802001953125,0.018739445134997368,0.018739445134997368,8192.0,0.2009228616952896,0.1998121738433838,0.20000576972961426,0.89926050251256,0.889,0.895,cnn-9_cifar10_rand_gaussian_sig0.03_bounded-pmin1e-05_epoch20_bs250_lr0.001_mon0.95_dp0.0_objective-vanilla_seed7,bec-outage0.1_chan-layer4_mcsamples500_norm-spec_seed7_bounds.json
cnn-9,cifar10,20.0,bec,outage 0.1,spec,channel_grad,0.0001,0.0001,0.19992554187774658,0.8948371999999999,0.19984917640686034,1.2792127132415771,✓,✓,0.263233633468266,0.8955,0.604893684387207,✗,✓,0.9375527622329041,61.729148864746094,0.04686562344431877,0.04686562344431877,8192.0,0.20093633234500885,0.19984917640686034,0.19988952875137328,0.8994065929648216,0.8955,0.8927,cnn-9_cifar10_rand_gaussian_sig0.03_bounded-pmin1e-05_epoch20_bs250_lr0.001_mon0.95_dp0.0_objective-channel_gradient-chan0.0001-bec-outage0.1-spec-kl0.0001_seed7,bec-outage0.1_chan-layer4_mcsamples500_norm-spec_seed7_bounds.json
cnn-9,cifar10,20.0,bec,outage 0.1,spec,channel_grad,0.0001,0.001,0.19992218911647797,0.8948380000000001,0.19984508752822877,1.2841241359710693,✓,✓,0.2632302673094299,0.8951,0.6097927093505859,✗,✓,0.9375617465097574,62.97728729248047,0.04618621617555618,0.04618621617555618,8192.0,0.20093268156051636,0.19984508752822877,0.19988605976104737,0.8994210653266311,0.8951,0.893,cnn-9_cifar10_rand_gaussian_sig0.03_bounded-pmin1e-05_epoch20_bs250_lr0.001_mon0.95_dp0.0_objective-channel_gradient-chan0.001-bec-outage0.1-spec-kl0.0001_seed7,bec-outage0.1_chan-layer4_mcsamples500_norm-spec_seed7_bounds.json
cnn-9,cifar10,20.0,bec,outage 0.1,spec,channel_grad,0.0001,0.01,0.19990728795528412,0.8949104000000001,0.19982308149337769,1.3391025066375732,✓,✓,0.2632099485823205,0.8913,0.6646969318389893,✗,✓,0.937615443564354,76.54595947265625,0.04042981192469597,0.04042981192469597,8192.0,0.2009139508008957,0.19982308149337769,0.19988104104995727,0.8994877989949727,0.8913,0.8938,cnn-9_cifar10_rand_gaussian_sig0.03_bounded-pmin1e-05_epoch20_bs250_lr0.001_mon0.95_dp0.0_objective-channel_gradient-chan0.01-bec-outage0.1-spec-kl0.0001_seed7,bec-outage0.1_chan-layer4_mcsamples500_norm-spec_seed7_bounds.json
cnn-9,cifar10,20.0,bec,outage 0.1,spec,channel_grad,0.001,0.0001,0.2000417560338974,0.8958178,0.1999695897102356,1.214455485343933,✓,✗,0.2633636327261569,0.8961,0.5394723415374756,✗,✗,0.9383467408980327,46.18788146972656,0.05081697180867195,0.05081697180867195,8192.0,0.201054185628891,0.1999695897102356,0.20000097751617432,0.9004114170854253,0.8961,0.8953,cnn-9_cifar10_rand_gaussian_sig0.03_bounded-pmin1e-05_epoch20_bs250_lr0.001_mon0.95_dp0.0_objective-channel_gradient-chan0.0001-bec-outage0.1-spec-kl0.001_seed7,bec-outage0.1_chan-layer4_mcsamples500_norm-spec_seed7_bounds.json
cnn-9,cifar10,20.0,bec,outage 0.1,spec,channel_grad,0.001,0.001,0.20003624260425568,0.8958124,0.19996449947357178,1.2181122303009033,✓,✗,0.26335823328897157,0.8965,0.543123185634613,✗,✗,0.9383473630885757,47.15843963623047,0.050132766366004944,0.050132766366004944,8192.0,0.2010483294725418,0.19996449947357178,0.19999600648880006,0.9004124221105515,0.8965,0.895,cnn-9_cifar10_rand_gaussian_sig0.03_bounded-pmin1e-05_epoch20_bs250_lr0.001_mon0.95_dp0.0_objective-channel_gradient-chan0.001-bec-outage0.1-spec-kl0.001_seed7,bec-outage0.1_chan-layer4_mcsamples500_norm-spec_seed7_bounds.json
cnn-9,cifar10,20.0,bec,outage 0.1,spec,channel_grad,0.001,0.01,0.1999998539686203,0.8958307999999997,0.19992413520812988,1.2582036256790161,✓,✗,0.2633154405295848,0.8941,0.583116352558136,✗,✗,0.9384027659328626,57.36729049682617,0.04451332613825798,0.04451332613825798,8192.0,0.20100852847099304,0.19992413520812988,0.19996654987335205,0.9004822914572842,0.8941,0.8936999999999999,cnn-9_cifar10_rand_gaussian_sig0.03_bounded-pmin1e-05_epoch20_bs250_lr0.001_mon0.95_dp0.0_objective-channel_gradient-chan0.01-bec-outage0.1-spec-kl0.001_seed7,bec-outage0.1_chan-layer4_mcsamples500_norm-spec_seed7_bounds.json
cnn-9,cifar10,20.0,bec,outage 0.1,spec,channel_grad,0.01,0.0001,0.20069710910320282,0.8988852,0.20064253807067872,1.0719751119613647,✓,✗,0.26408760961251976,0.9012,0.395178884267807,✗,✗,0.9408839623465004,8.954030990600586,0.07231437414884567,0.07231437414884567,8192.0,0.20171719789505005,0.20064253807067872,0.20064818859100342,0.9036165628140674,0.9012,0.8991,cnn-9_cifar10_rand_gaussian_sig0.03_bounded-pmin1e-05_epoch20_bs250_lr0.001_mon0.95_dp0.0_objective-channel_gradient-chan0.0001-bec-outage0.1-spec-kl0.01_seed7,bec-outage0.1_chan-layer4_mcsamples500_norm-spec_seed7_bounds.json
cnn-9,cifar10,20.0,bec,outage 0.1,spec,channel_grad,0.01,0.001,0.20068684220314026,0.8988867999999999,0.2006322145462036,1.0724785327911377,✓,✗,0.26407798002969973,0.9012,0.39567452669143677,✗,✗,0.9408820884163029,9.19097900390625,0.07175999134778976,0.07175999134778976,8192.0,0.20170675218105316,0.2006322145462036,0.20063881874084472,0.903613507537686,0.9012,0.8989,cnn-9_cifar10_rand_gaussian_sig0.03_bounded-pmin1e-05_epoch20_bs250_lr0.001_mon0.95_dp0.0_objective-channel_gradient-chan0.001-bec-outage0.1-spec-kl0.01_seed7,bec-outage0.1_chan-layer4_mcsamples500_norm-spec_seed7_bounds.json
cnn-9,cifar10,20.0,bec,outage 0.1,spec,channel_grad,0.01,0.01,0.2005980759859085,0.8989009999999998,0.2005378007888794,1.0790787935256958,✓,✗,0.2639793552110964,0.9008,0.40218350291252136,✗,✗,0.9408746666664405,11.755047798156738,0.06690075248479843,0.06690075248479843,8192.0,0.2016162872314453,0.2005378007888794,0.20055418014526366,0.9036014070351736,0.9008,0.8996999999999999,cnn-9_cifar10_rand_gaussian_sig0.03_bounded-pmin1e-05_epoch20_bs250_lr0.001_mon0.95_dp0.0_objective-channel_gradient-chan0.01-bec-outage0.1-spec-kl0.01_seed7,bec-outage0.1_chan-layer4_mcsamples500_norm-spec_seed7_bounds.json
cnn-9,cifar10,30.0,bec,outage 0.1,spec,channel_grad,0.0001,0.0001,0.19963102042675018,0.8918710000000003,0.1996249556541443,1.4348537921905518,✓,?,0.2629109626881503,0.8898,0.7626111507415771,✗,?,0.9351535912589157,97.6904067993164,0.044082190841436386,0.044082190841436386,8192.0,0.2006392925977707,0.1996249556541443,0.1995585322380066,0.8963975075376863,0.8898,0.893,cnn-9_cifar10_rand_gaussian_sig0.03_bounded-pmin1e-05_epoch30_bs250_lr0.001_mon0.95_dp0.0_objective-channel_gradient-chan0.0001-bec-outage0.1-spec-kl0.0001_seed7,bec-outage0.1_chan-layer4_mcsamples500_norm-spec_seed7_bounds.json
cnn-9,cifar10,30.0,bec,outage 0.1,spec,channel_grad,0.0001,0.001,0.19963614642620087,0.8918975999999995,0.19962890148162843,1.4389448165893555,✓,?,0.2629149611251451,0.8895,0.7666882872581482,✗,?,0.9351714565865302,98.7682113647461,0.0433351993560791,0.0433351993560791,8192.0,0.2006436288356781,0.19962890148162843,0.1995650053024292,0.8964260502512542,0.8895,0.8927,cnn-9_cifar10_rand_gaussian_sig0.03_bounded-pmin1e-05_epoch30_bs250_lr0.001_mon0.95_dp0.0_objective-channel_gradient-chan0.001-bec-outage0.1-spec-kl0.0001_seed7,bec-outage0.1_chan-layer4_mcsamples500_norm-spec_seed7_bounds.json
cnn-9,cifar10,30.0,bec,outage 0.1,spec,channel_grad,0.0001,0.01,0.1996980458498001,0.8923188000000002,0.19969180822372437,1.4905303716659546,✓,?,0.2629751812179071,0.8905,0.8180424571037292,✗,?,0.9354630006225677,111.64327239990234,0.037050094455480576,0.037050094455480576,8192.0,0.20069901645183563,0.19969180822372437,0.19963847398757933,0.8967911959798974,0.8905,0.8936999999999999,cnn-9_cifar10_rand_gaussian_sig0.03_bounded-pmin1e-05_epoch30_bs250_lr0.001_mon0.95_dp0.0_objective-channel_gradient-chan0.01-bec-outage0.1-spec-kl0.0001_seed7,bec-outage0.1_chan-layer4_mcsamples500_norm-spec_seed7_bounds.json
cnn-9,cifar10,30.0,bec,outage 0.1,spec,channel_grad,0.001,0.0001,0.1998484879732132,0.8940986000000001,0.19985181093215942,1.2915688753128052,✓,?,0.2631468206786777,0.8931,0.6177655458450317,✗,?,0.936950070397396,64.23146057128906,0.04863367974758148,0.04863367974758148,8192.0,0.20085540413856506,0.19985181093215942,0.19977521896362305,0.8986549547738678,0.8931,0.8947,cnn-9_cifar10_rand_gaussian_sig0.03_bounded-pmin1e-05_epoch30_bs250_lr0.001_mon0.95_dp0.0_objective-channel_gradient-chan0.0001-bec-outage0.1-spec-kl0.001_seed7,bec-outage0.1_chan-layer4_mcsamples500_norm-spec_seed7_bounds.json
cnn-9,cifar10,30.0,bec,outage 0.1,spec,channel_grad,0.001,0.001,0.19984786212444305,0.8941008,0.19985127449035645,1.294581651687622,✓,?,0.2631457077669309,0.892,0.6207685470581055,✗,?,0.9369588490146026,65.06657409667969,0.04790299013257027,0.04790299013257027,8192.0,0.20085419714450836,0.19985127449035645,0.1997756242752075,0.8986690653266308,0.892,0.8951,cnn-9_cifar10_rand_gaussian_sig0.03_bounded-pmin1e-05_epoch30_bs250_lr0.001_mon0.95_dp0.0_objective-channel_gradient-chan0.001-bec-outage0.1-spec-kl0.001_seed7,bec-outage0.1_chan-layer4_mcsamples500_norm-spec_seed7_bounds.json
cnn-9,cifar10,30.0,bec,outage 0.1,spec,channel_grad,0.001,0.01,0.19985157251358032,0.8943512000000002,0.1998496413230896,1.3318697214126587,✓,?,0.2631451856601855,0.8922,0.6578880548477173,✗,?,0.9371268843769249,74.66654968261719,0.042090680450201035,0.042090680450201035,8192.0,0.200853630900383,0.1998496413230896,0.1997867465019226,0.8988796381909532,0.8922,0.8949,cnn-9_cifar10_rand_gaussian_sig0.03_bounded-pmin1e-05_epoch30_bs250_lr0.001_mon0.95_dp0.0_objective-channel_gradient-chan0.01-bec-outage0.1-spec-kl0.001_seed7,bec-outage0.1_chan-layer4_mcsamples500_norm-spec_seed7_bounds.json
cnn-9,cifar10,30.0,bec,outage 0.1,spec,channel_grad,0.01,0.0001,0.20069114863872528,0.8991197999999998,0.2006974697113037,1.0723711252212524,✓,?,0.2640673794438758,0.896,0.39556884765625,✗,?,0.9408696119863015,9.180079460144043,0.0717136561870575,0.0717136561870575,8192.0,0.20169855654239655,0.2006974697113037,0.20061235427856444,0.9035931658291434,0.896,0.8993,cnn-9_cifar10_rand_gaussian_sig0.03_bounded-pmin1e-05_epoch30_bs250_lr0.001_mon0.95_dp0.0_objective-channel_gradient-chan0.0001-bec-outage0.1-spec-kl0.01_seed7,bec-outage0.1_chan-layer4_mcsamples500_norm-spec_seed7_bounds.json
cnn-9,cifar10,30.0,bec,outage 0.1,spec,channel_grad,0.01,0.001,0.20068097114562988,0.899122,0.20068724155426027,1.0729163885116577,✓,?,0.2640579146649632,0.8962,0.3961016535758972,✗,?,0.9408725461664793,9.423563003540039,0.07116706669330597,0.07116706669330597,8192.0,0.20168828964233398,0.20068724155426027,0.20060305595397948,0.903597949748741,0.8962,0.8993,cnn-9_cifar10_rand_gaussian_sig0.03_bounded-pmin1e-05_epoch30_bs250_lr0.001_mon0.95_dp0.0_objective-channel_gradient-chan0.001-bec-outage0.1-spec-kl0.01_seed7,bec-outage0.1_chan-layer4_mcsamples500_norm-spec_seed7_bounds.json
cnn-9,cifar10,30.0,bec,outage 0.1,spec,channel_grad,0.01,0.01,0.2005944699048996,0.8991374,0.20060172080993652,1.0795429944992065,✓,?,0.2639621602372467,0.897,0.40262895822525024,✗,?,0.9408761460850179,11.969213485717773,0.06640561670064926,0.06640561670064926,8192.0,0.20160093903541565,0.20060172080993652,0.20051908493041992,0.9036038190954753,0.897,0.8992,cnn-9_cifar10_rand_gaussian_sig0.03_bounded-pmin1e-05_epoch30_bs250_lr0.001_mon0.95_dp0.0_objective-channel_gradient-chan0.01-bec-outage0.1-spec-kl0.01_seed7,bec-outage0.1_chan-layer4_mcsamples500_norm-spec_seed7_bounds.json
cnn-9,cifar10,50.0,bec,outage 0.1,spec,vanilla,1.0,0.0,0.19795028865337372,0.8827097999999998,0.1978796601295471,2.162096734051554,✓,-,0.2611577610504161,0.8831,1.4956670733512227,✓,-,0.9275874217507474,267.66552734375,0.018739445134997368,0.018739445134997368,8192.0,0.19903619587421417,0.1978796601295471,0.19814186096191405,0.8869980301507521,0.8831,0.8861,cnn-9_cifar10_rand_gaussian_sig0.03_bounded-pmin1e-05_epoch50_bs250_lr0.001_mon0.95_dp0.0_objective-vanilla_seed7,bec-outage0.1_chan-layer4_mcsamples500_norm-spec_seed7_bounds.json
cnn-9,cifar10,50.0,bec,outage 0.1,spec,channel_grad,0.0001,0.0001,0.19823040068149567,0.8838456,0.19853252172470093,2.0640101432800293,✓,✗,0.2614601354619286,0.8863,1.3972259759902954,✓,✗,0.9282442586180677,237.38453674316406,0.05541672557592392,0.05541672557592392,8192.0,0.19931432604789734,0.19853252172470093,0.19829944372177125,0.8878093266331635,0.8863,0.887,cnn-9_cifar10_rand_gaussian_sig0.03_bounded-pmin1e-05_epoch50_bs250_lr0.001_mon0.95_dp0.0_objective-channel_gradient-chan0.0001-bec-outage0.1-spec-kl0.0001_seed7,bec-outage0.1_chan-layer4_mcsamples500_norm-spec_seed7_bounds.json
cnn-9,cifar10,50.0,bec,outage 0.1,spec,channel_grad,0.0001,0.001,0.19829291105270386,0.8842785999999998,0.19858691692352295,2.0466792583465576,✓,✗,0.26152176105648195,0.8868,1.3796262741088867,✓,✗,0.9285747984460538,233.75181579589844,0.05400135740637779,0.05400135740637779,8192.0,0.19937120378017426,0.19858691692352295,0.19836080074310303,0.888219457286431,0.8868,0.8883,cnn-9_cifar10_rand_gaussian_sig0.03_bounded-pmin1e-05_epoch50_bs250_lr0.001_mon0.95_dp0.0_objective-channel_gradient-chan0.001-bec-outage0.1-spec-kl0.0001_seed7,bec-outage0.1_chan-layer4_mcsamples500_norm-spec_seed7_bounds.json
cnn-9,cifar10,50.0,bec,outage 0.1,spec,channel_grad,0.0001,0.01,0.19890113174915314,0.8866918000000001,0.1991436719894409,1.9088318347930908,✓,✗,0.26213569386992064,0.8922,1.2403485774993896,✓,✗,0.9306188915527998,205.33193969726562,0.04120733588933945,0.04120733588933945,8192.0,0.19993092119693756,0.1991436719894409,0.19893561601638793,0.8907505929648218,0.8922,0.8879,cnn-9_cifar10_rand_gaussian_sig0.03_bounded-pmin1e-05_epoch50_bs250_lr0.001_mon0.95_dp0.0_objective-channel_gradient-chan0.01-bec-outage0.1-spec-kl0.0001_seed7,bec-outage0.1_chan-layer4_mcsamples500_norm-spec_seed7_bounds.json
cnn-9,cifar10,50.0,bec,outage 0.1,spec,channel_grad,0.001,0.0001,0.19933514297008514,0.890674,0.1996283173561096,1.4896752834320068,✓,✗,0.2626186785429669,0.8944,0.8182424306869507,✗,✗,0.9340515029489445,108.31087493896484,0.05250952020287514,0.05250952020287514,8192.0,0.20037193596363068,0.1996283173561096,0.19937078952789306,0.8950257286432144,0.8944,0.891,cnn-9_cifar10_rand_gaussian_sig0.03_bounded-pmin1e-05_epoch50_bs250_lr0.001_mon0.95_dp0.0_objective-channel_gradient-chan0.0001-bec-outage0.1-spec-kl0.001_seed7,bec-outage0.1_chan-layer4_mcsamples500_norm-spec_seed7_bounds.json
cnn-9,cifar10,50.0,bec,outage 0.1,spec,channel_grad,0.001,0.001,0.19935457408428192,0.8908057999999998,0.19964346885681153,1.485469102859497,✓,✗,0.26263765485060997,0.8945,0.8139840364456177,✗,✗,0.9341226717102196,107.57369995117188,0.05152890458703041,0.05152890458703041,8192.0,0.20038920640945435,0.19964346885681153,0.199390709400177,0.8951186331658281,0.8945,0.8904,cnn-9_cifar10_rand_gaussian_sig0.03_bounded-pmin1e-05_epoch50_bs250_lr0.001_mon0.95_dp0.0_objective-channel_gradient-chan0.001-bec-outage0.1-spec-kl0.001_seed7,bec-outage0.1_chan-layer4_mcsamples500_norm-spec_seed7_bounds.json
cnn-9,cifar10,50.0,bec,outage 0.1,spec,channel_grad,0.001,0.01,0.1995079070329666,0.891436,0.19976762533187867,1.470935344696045,✓,✗,0.2627858199707873,0.8953,0.7989936470985413,✗,✗,0.9347274915343156,105.93281555175781,0.04372864589095116,0.04372864589095116,8192.0,0.20052672922611237,0.19976762533187867,0.19953919649124147,0.8958791959798973,0.8953,0.8905,cnn-9_cifar10_rand_gaussian_sig0.03_bounded-pmin1e-05_epoch50_bs250_lr0.001_mon0.95_dp0.0_objective-channel_gradient-chan0.01-bec-outage0.1-spec-kl0.001_seed7,bec-outage0.1_chan-layer4_mcsamples500_norm-spec_seed7_bounds.json
cnn-9,cifar10,50.0,bec,outage 0.1,spec,channel_grad,0.01,0.0001,0.20069335401058197,0.8990914000000002,0.201039719581604,1.0696676969528198,✓,✗,0.2640952841435389,0.9021,0.39289167523384094,✗,✗,0.9408712393467367,8.781846046447754,0.07078955322504044,0.07078955322504044,8192.0,0.20172221958637238,0.201039719581604,0.20075054168701173,0.9035958190954755,0.9021,0.8953,cnn-9_cifar10_rand_gaussian_sig0.03_bounded-pmin1e-05_epoch50_bs250_lr0.001_mon0.95_dp0.0_objective-channel_gradient-chan0.0001-bec-outage0.1-spec-kl0.01_seed7,bec-outage0.1_chan-layer4_mcsamples500_norm-spec_seed7_bounds.json
cnn-9,cifar10,50.0,bec,outage 0.1,spec,channel_grad,0.01,0.001,0.20068295300006866,0.8990812,0.2010277509689331,1.0702309608459473,✓,✗,0.26408245826650334,0.9018,0.39344465732574463,✗,✗,0.9408688722770131,9.021695137023926,0.07028268277645111,0.07028268277645111,8192.0,0.20171160995960236,0.2010277509689331,0.20073919296264647,0.9035919597989931,0.9018,0.8953,cnn-9_cifar10_rand_gaussian_sig0.03_bounded-pmin1e-05_epoch50_bs250_lr0.001_mon0.95_dp0.0_objective-channel_gradient-chan0.001-bec-outage0.1-spec-kl0.01_seed7,bec-outage0.1_chan-layer4_mcsamples500_norm-spec_seed7_bounds.json
cnn-9,cifar10,50.0,bec,outage 0.1,spec,channel_grad,0.01,0.01,0.2005944699048996,0.8991087999999998,0.2009280204772949,1.0768166780471802,✓,✗,0.26398327031507074,0.9028,0.3999294638633728,✗,✗,0.9408705982653531,11.54098892211914,0.06560006737709045,0.06560006737709045,8192.0,0.20162053406238556,0.2009280204772949,0.2006467819213867,0.9035947738693446,0.9028,0.8949,cnn-9_cifar10_rand_gaussian_sig0.03_bounded-pmin1e-05_epoch50_bs250_lr0.001_mon0.95_dp0.0_objective-channel_gradient-chan0.01-bec-outage0.1-spec-kl0.01_seed7,bec-outage0.1_chan-layer4_mcsamples500_norm-spec_seed7_bounds.json
cnn-9,cifar10,5.0,bec,outage 0.5,frob,vanilla,1.0,0.0,0.20038166642189026,0.8988582,0.20027496814727783,1.1026692638016686,✓,-,0.263922851957125,0.8963,0.42577511226415743,✗,-,0.9408170034946362,14.502819061279297,0.07826044331633007,0.0012209281558170915,8192.0,0.20156490802764893,0.20027496814727783,0.20068745613098143,0.9035265929648213,0.8963,0.9011,cnn-9_cifar10_rand_gaussian_sig0.03_bounded-pmin1e-05_epoch5_bs250_lr0.001_mon0.95_dp0.0_objective-vanilla_seed7,bec-outage0.5_chan-layer4_mcsamples500_norm-frob_seed7_bounds.json
cnn-9,cifar10,10.0,bec,outage 0.5,frob,vanilla,1.0,0.0,0.20015430450439453,0.8974930000000002,0.20006611347198486,1.176865079380336,✓,-,0.263579727432797,0.8928,0.5007202389092814,✗,-,0.9397245679038516,31.337783813476562,0.07826044331633007,0.0012209281558170915,8192.0,0.20125220715999603,0.20006611347198486,0.200345778465271,0.9021546934673341,0.8928,0.8988,cnn-9_cifar10_rand_gaussian_sig0.03_bounded-pmin1e-05_epoch10_bs250_lr0.001_mon0.95_dp0.0_objective-vanilla_seed7,bec-outage0.5_chan-layer4_mcsamples500_norm-frob_seed7_bounds.json
cnn-9,cifar10,10.0,bec,outage 0.5,frob,channel_grad,0.0001,0.0001,0.20012669265270233,0.8974984000000003,0.20010344982147216,4.86675500869751,✓,✓,0.26353313233052167,0.8996999999999999,4.190465927124023,✓,✗,0.9398222756957164,36.144859313964844,3.7465549273959287,0.05844938009977341,8192.0,0.20120827853679657,0.20010344982147216,0.2002723217010498,0.9022745728643194,0.8996999999999999,0.8993,cnn-9_cifar10_rand_gaussian_sig0.03_bounded-pmin1e-05_epoch10_bs250_lr0.001_mon0.95_dp0.0_objective-channel_gradient-chan0.0001-bec-outage0.5-frob-kl0.0001_seed7,bec-outage0.5_chan-layer4_mcsamples500_norm-frob_seed7_bounds.json
cnn-9,cifar10,10.0,bec,outage 0.5,frob,channel_grad,0.0001,0.001,0.200057253241539,0.8979718000000001,0.2000364065170288,3.822202682495117,✓,✓,0.26336883981697945,0.8978,3.1455729007720947,✓,✗,0.9399985398141237,97.14984893798828,2.429003528557522,0.03789447993040085,8192.0,0.20105983316898346,0.2000364065170288,0.20009288787841797,0.9025028341708526,0.8978,0.8993,cnn-9_cifar10_rand_gaussian_sig0.03_bounded-pmin1e-05_epoch10_bs250_lr0.001_mon0.95_dp0.0_objective-channel_gradient-chan0.001-bec-outage0.5-frob-kl0.0001_seed7,bec-outage0.5_chan-layer4_mcsamples500_norm-frob_seed7_bounds.json
cnn-9,cifar10,10.0,bec,outage 0.5,frob,channel_grad,0.0001,0.01,0.20007112622261047,0.8996447999999997,0.20004057884216309,4.090973854064941,✓,✓,0.26338401904154085,0.8964,3.4131221771240234,✓,✗,0.9412358651146514,488.2818298339844,0.947342100976512,0.014779326505959034,8192.0,0.20107299089431763,0.20004057884216309,0.20004844665527344,0.9040566432160788,0.8964,0.9006,cnn-9_cifar10_rand_gaussian_sig0.03_bounded-pmin1e-05_epoch10_bs250_lr0.001_mon0.95_dp0.0_objective-channel_gradient-chan0.01-bec-outage0.5-frob-kl0.0001_seed7,bec-outage0.5_chan-layer4_mcsamples500_norm-frob_seed7_bounds.json
cnn-9,cifar10,10.0,bec,outage 0.5,frob,channel_grad,0.001,0.0001,0.20016327500343323,0.8977601999999999,0.20013692378997802,4.999528884887695,✓,✗,0.2635900832127174,0.8992,4.323150157928467,✓,✗,0.939968900813456,30.966007232666016,3.902342541160769,0.060879796743392944,8192.0,0.20126013457775116,0.20013692378997802,0.2003305196762085,0.9024546733668317,0.8992,0.9,cnn-9_cifar10_rand_gaussian_sig0.03_bounded-pmin1e-05_epoch10_bs250_lr0.001_mon0.95_dp0.0_objective-channel_gradient-chan0.0001-bec-outage0.5-frob-kl0.001_seed7,bec-outage0.5_chan-layer4_mcsamples500_norm-frob_seed7_bounds.json
cnn-9,cifar10,10.0,bec,outage 0.5,frob,channel_grad,0.001,0.001,0.20007312297821045,0.8982062,0.20005154609680176,3.911370277404785,✓,✓,0.2633979479247037,0.8976,3.2346181869506836,✓,✗,0.9401502077779293,83.32020568847656,2.5798675746146063,0.0402480848133564,8192.0,0.20108479261398315,0.20005154609680176,0.20012340545654297,0.9026913768844197,0.8976,0.9003,cnn-9_cifar10_rand_gaussian_sig0.03_bounded-pmin1e-05_epoch10_bs250_lr0.001_mon0.95_dp0.0_objective-channel_gradient-chan0.001-bec-outage0.5-frob-kl0.001_seed7,bec-outage0.5_chan-layer4_mcsamples500_norm-frob_seed7_bounds.json
cnn-9,cifar10,10.0,bec,outage 0.5,frob,channel_grad,0.001,0.01,0.20007331669330597,0.8996132,0.2000427007675171,3.865321636199951,✓,✓,0.2633854891112317,0.8994,3.1874680519104004,✓,✗,0.9412390906785055,419.9114685058594,1.027448337448354,0.016029050573706627,8192.0,0.20107458531856537,0.2000427007675171,0.20005812644958496,0.9040619095477362,0.8994,0.9009,cnn-9_cifar10_rand_gaussian_sig0.03_bounded-pmin1e-05_epoch10_bs250_lr0.001_mon0.95_dp0.0_objective-channel_gradient-chan0.01-bec-outage0.5-frob-kl0.001_seed7,bec-outage0.5_chan-layer4_mcsamples500_norm-frob_seed7_bounds.json
cnn-9,cifar10,10.0,bec,outage 0.5,frob,channel_grad,0.01,0.0001,0.20046134293079376,0.8991193999999998,0.20042097568511963,5.984694480895996,✓,✗,0.2640453083701325,0.897,5.3078179359436035,✓,✗,0.9409220809644809,9.887189865112305,4.980822360087781,0.07770498096942902,8192.0,0.20167791843414307,0.20042097568511963,0.2007741689682007,0.9036595376884397,0.897,0.9037,cnn-9_cifar10_rand_gaussian_sig0.03_bounded-pmin1e-05_epoch10_bs250_lr0.001_mon0.95_dp0.0_objective-channel_gradient-chan0.0001-bec-outage0.5-frob-kl0.01_seed7,bec-outage0.5_chan-layer4_mcsamples500_norm-frob_seed7_bounds.json
cnn-9,cifar10,10.0,bec,outage 0.5,frob,channel_grad,0.01,0.001,0.2002665102481842,0.8991513999999999,0.20023751258850098,4.827788352966309,✓,✗,0.26371116639186754,0.8968,4.1504807472229,✓,✗,0.9410186905112139,27.896717071533203,3.743278518621588,0.05839826539158821,8192.0,0.20137163996696472,0.20023751258850098,0.20044331550598143,0.903778773869345,0.8968,0.9008,cnn-9_cifar10_rand_gaussian_sig0.03_bounded-pmin1e-05_epoch10_bs250_lr0.001_mon0.95_dp0.0_objective-channel_gradient-chan0.001-bec-outage0.5-frob-kl0.01_seed7,bec-outage0.5_chan-layer4_mcsamples500_norm-frob_seed7_bounds.json
cnn-9,cifar10,10.0,bec,outage 0.5,frob,channel_grad,0.01,0.01,0.2001105397939682,0.8999547999999998,0.2000889778137207,3.4722743034362793,✓,✓,0.2634365903777661,0.8981,2.7940940856933594,✓,✗,0.9416165708968958,168.57972717285156,1.7580128729075337,0.02742646634578705,8192.0,0.20112009346485138,0.2000889778137207,0.2001328945159912,0.9045450452261291,0.8981,0.9031,cnn-9_cifar10_rand_gaussian_sig0.03_bounded-pmin1e-05_epoch10_bs250_lr0.001_mon0.95_dp0.0_objective-channel_gradient-chan0.01-bec-outage0.5-frob-kl0.01_seed7,bec-outage0.5_chan-layer4_mcsamples500_norm-frob_seed7_bounds.json
cnn-9,cifar10,20.0,bec,outage 0.5,frob,vanilla,1.0,0.0,0.1998947709798813,0.8944122,0.19983004331588744,1.3157643762668942,✓,-,0.26322121302913193,0.8906000000000001,0.6415481129505429,✗,-,0.9374374763454832,62.90802001953125,0.07826044331633007,0.0012209281558170915,8192.0,0.2009228616952896,0.19983004331588744,0.20000576972961426,0.89926050251256,0.8906000000000001,0.895,cnn-9_cifar10_rand_gaussian_sig0.03_bounded-pmin1e-05_epoch20_bs250_lr0.001_mon0.95_dp0.0_objective-vanilla_seed7,bec-outage0.5_chan-layer4_mcsamples500_norm-frob_seed7_bounds.json
cnn-9,cifar10,20.0,bec,outage 0.5,frob,channel_grad,0.0001,0.0001,0.19990389049053192,0.8944876,0.19984573125839233,4.428603172302246,✓,✗,0.26321820409531516,0.8924,3.75424861907959,✓,✗,0.9375728520742006,71.5758056640625,3.1522003827596587,0.04917695373296738,8192.0,0.20091959834098816,0.19984573125839233,0.19988290071487427,0.8994389547738669,0.8924,0.8929,cnn-9_cifar10_rand_gaussian_sig0.03_bounded-pmin1e-05_epoch20_bs250_lr0.001_mon0.95_dp0.0_objective-channel_gradient-chan0.0001-bec-outage0.5-frob-kl0.0001_seed7,bec-outage0.5_chan-layer4_mcsamples500_norm-frob_seed7_bounds.json
cnn-9,cifar10,20.0,bec,outage 0.5,frob,channel_grad,0.0001,0.001,0.19999828934669495,0.8966581999999998,0.19993975162506103,3.5847253799438477,✓,✗,0.2632783489529985,0.896,2.909372091293335,✓,✗,0.9386315164775301,169.7707061767578,1.868122868697068,0.029144274070858955,8192.0,0.20097491145133972,0.19993975162506103,0.19998136758804322,0.9007735879396972,0.896,0.8967,cnn-9_cifar10_rand_gaussian_sig0.03_bounded-pmin1e-05_epoch20_bs250_lr0.001_mon0.95_dp0.0_objective-channel_gradient-chan0.001-bec-outage0.5-frob-kl0.0001_seed7,bec-outage0.5_chan-layer4_mcsamples500_norm-frob_seed7_bounds.json
cnn-9,cifar10,20.0,bec,outage 0.5,frob,channel_grad,0.0001,0.01,0.20006029307842255,0.8998681999999999,0.20003173351287842,4.789121150970459,✓,✗,0.2633759542666947,0.8973,4.111053466796875,✓,✗,0.9414436406499941,694.6923828125,0.7221852292642683,0.011266691610217094,8192.0,0.20106424391269684,0.20003173351287842,0.200075364112854,0.9043195979899474,0.8973,0.9038,cnn-9_cifar10_rand_gaussian_sig0.03_bounded-pmin1e-05_epoch20_bs250_lr0.001_mon0.95_dp0.0_objective-channel_gradient-chan0.01-bec-outage0.5-frob-kl0.0001_seed7,bec-outage0.5_chan-layer4_mcsamples500_norm-frob_seed7_bounds.json
cnn-9,cifar10,20.0,bec,outage 0.5,frob,channel_grad,0.001,0.0001,0.19997559487819672,0.8954307999999999,0.19991661310195924,4.642215728759766,✓,✗,0.26332725618964403,0.8952,3.967188835144043,✓,✗,0.93835400808357,53.45672607421875,3.4460625626636716,0.053761448711156845,8192.0,0.20102134346961975,0.19991661310195924,0.19997633695602418,0.9004231557788929,0.8952,0.8949,cnn-9_cifar10_rand_gaussian_sig0.03_bounded-pmin1e-05_epoch20_bs250_lr0.001_mon0.95_dp0.0_objective-channel_gradient-chan0.0001-bec-outage0.5-frob-kl0.001_seed7,bec-outage0.5_chan-layer4_mcsamples500_norm-frob_seed7_bounds.json
cnn-9,cifar10,20.0,bec,outage 0.5,frob,channel_grad,0.001,0.001,0.20001120865345,0.8970104,0.1999547600746155,3.6678476333618164,✓,✗,0.26330351709809857,0.8933,2.9920783042907715,✓,✗,0.9390726740916748,127.32579803466797,2.1406234412590996,0.03339551016688347,8192.0,0.20099890232086182,0.1999547600746155,0.20000166893005372,0.9013310954773847,0.8933,0.8987,cnn-9_cifar10_rand_gaussian_sig0.03_bounded-pmin1e-05_epoch20_bs250_lr0.001_mon0.95_dp0.0_objective-channel_gradient-chan0.001-bec-outage0.5-frob-kl0.001_seed7,bec-outage0.5_chan-layer4_mcsamples500_norm-frob_seed7_bounds.json
cnn-9,cifar10,20.0,bec,outage 0.5,frob,channel_grad,0.001,0.01,0.20006433129310608,0.8998073999999997,0.20002665519714355,4.163114070892334,✓,✗,0.26337861962669495,0.8981,3.4851796627044678,✓,✗,0.9413132816381742,529.381103515625,0.8356031538309281,0.013036105781793594,8192.0,0.20106713473796844,0.20002665519714355,0.20007784366607667,0.9041639396984898,0.8981,0.9025,cnn-9_cifar10_rand_gaussian_sig0.03_bounded-pmin1e-05_epoch20_bs250_lr0.001_mon0.95_dp0.0_objective-channel_gradient-chan0.01-bec-outage0.5-frob-kl0.001_seed7,bec-outage0.5_chan-layer4_mcsamples500_norm-frob_seed7_bounds.json
cnn-9,cifar10,20.0,bec,outage 0.5,frob,channel_grad,0.01,0.0001,0.2004299908876419,0.8986559999999999,0.2003758430480957,5.986753940582275,✓,✗,0.26401150982429034,0.8975,5.309884548187256,✓,✗,0.9408811761081806,10.75633430480957,4.979035749020831,0.07767710834741592,8192.0,0.20164786279201508,0.2003758430480957,0.20058414936065674,0.9036120201005008,0.8975,0.8984,cnn-9_cifar10_rand_gaussian_sig0.03_bounded-pmin1e-05_epoch20_bs250_lr0.001_mon0.95_dp0.0_objective-channel_gradient-chan0.0001-bec-outage0.5-frob-kl0.01_seed7,bec-outage0.5_chan-layer4_mcsamples500_norm-frob_seed7_bounds.json
cnn-9,cifar10,20.0,bec,outage 0.5,frob,channel_grad,0.01,0.001,0.20024870336055756,0.8988901999999999,0.2001927137374878,4.817445755004883,✓,✗,0.26369376359418684,0.9003,4.140156269073486,✓,✗,0.9409836285412201,29.240116119384766,3.7269633353618548,0.0581437349319458,8192.0,0.20135606825351715,0.2001927137374878,0.20030808448791504,0.9037407437185911,0.9003,0.898,cnn-9_cifar10_rand_gaussian_sig0.03_bounded-pmin1e-05_epoch20_bs250_lr0.001_mon0.95_dp0.0_objective-channel_gradient-chan0.001-bec-outage0.5-frob-kl0.01_seed7,bec-outage0.5_chan-layer4_mcsamples500_norm-frob_seed7_bounds.json
cnn-9,cifar10,20.0,bec,outage 0.5,frob,channel_grad,0.01,0.01,0.20011070370674133,0.8998475999999999,0.20004920959472655,3.460493564605713,✓,✗,0.26343678272094573,0.8984,2.7822213172912598,✓,✗,0.9417088179058418,174.23240661621094,1.7208603411400194,0.026846855878829956,8192.0,0.2011203020811081,0.20004920959472655,0.20012738704681396,0.9046578090452242,0.8984,0.9015,cnn-9_cifar10_rand_gaussian_sig0.03_bounded-pmin1e-05_epoch20_bs250_lr0.001_mon0.95_dp0.0_objective-channel_gradient-chan0.01-bec-outage0.5-frob-kl0.01_seed7,bec-outage0.5_chan-layer4_mcsamples500_norm-frob_seed7_bounds.json
cnn-9,cifar10,30.0,bec,outage 0.5,frob,channel_grad,0.0001,0.0001,0.1997164934873581,0.8913092,0.19971765279769899,4.353055953979492,✓,?,0.26295830946568455,0.891,3.680666446685791,✓,?,0.9353481264224898,106.54170227050781,2.9225057648889003,0.04559352621436119,8192.0,0.20068402588367462,0.19971765279769899,0.19962120056152344,0.8966478391959773,0.891,0.8941,cnn-9_cifar10_rand_gaussian_sig0.03_bounded-pmin1e-05_epoch30_bs250_lr0.001_mon0.95_dp0.0_objective-channel_gradient-chan0.0001-bec-outage0.5-frob-kl0.0001_seed7,bec-outage0.5_chan-layer4_mcsamples500_norm-frob_seed7_bounds.json
cnn-9,cifar10,30.0,bec,outage 0.5,frob,channel_grad,0.0001,0.001,0.1999797224998474,0.8958602000000001,0.19999775886535645,3.560102939605713,✓,?,0.26324213618294373,0.8976999999999999,2.88568115234375,✓,?,0.9376638855594737,225.19009399414062,1.596625085920609,0.024908682331442833,8192.0,0.2009422481060028,0.19999775886535645,0.199909245967865,0.8995460904522591,0.8976999999999999,0.8951,cnn-9_cifar10_rand_gaussian_sig0.03_bounded-pmin1e-05_epoch30_bs250_lr0.001_mon0.95_dp0.0_objective-channel_gradient-chan0.001-bec-outage0.5-frob-kl0.0001_seed7,bec-outage0.5_chan-layer4_mcsamples500_norm-frob_seed7_bounds.json
cnn-9,cifar10,30.0,bec,outage 0.5,frob,channel_grad,0.0001,0.01,0.20005646347999573,0.8997161999999996,0.20005455017089843,5.264958381652832,✓,?,0.26336787808516526,0.8996,4.586929798126221,✓,?,0.9413962056306712,825.8721313476562,0.6114161191740728,0.009538601152598858,8192.0,0.2010587900876999,0.20005455017089843,0.20005192756652831,0.904261185929646,0.8996,0.9032,cnn-9_cifar10_rand_gaussian_sig0.03_bounded-pmin1e-05_epoch30_bs250_lr0.001_mon0.95_dp0.0_objective-channel_gradient-chan0.01-bec-outage0.5-frob-kl0.0001_seed7,bec-outage0.5_chan-layer4_mcsamples500_norm-frob_seed7_bounds.json
cnn-9,cifar10,30.0,bec,outage 0.5,frob,channel_grad,0.001,0.0001,0.1998441517353058,0.8935254000000001,0.19984705448150636,4.557991027832031,✓,?,0.2631464359684442,0.8929,3.8840813636779785,✓,?,0.9370558644310161,70.86859130859375,3.285267805426115,0.05125291645526886,8192.0,0.20085498690605164,0.19984705448150636,0.19978625774383546,0.898785286432159,0.8929,0.8954,cnn-9_cifar10_rand_gaussian_sig0.03_bounded-pmin1e-05_epoch30_bs250_lr0.001_mon0.95_dp0.0_objective-channel_gradient-chan0.0001-bec-outage0.5-frob-kl0.001_seed7,bec-outage0.5_chan-layer4_mcsamples500_norm-frob_seed7_bounds.json
cnn-9,cifar10,30.0,bec,outage 0.5,frob,channel_grad,0.001,0.001,0.19998548924922943,0.8962849999999999,0.20000097751617432,3.5969345569610596,✓,?,0.26325877252408714,0.8964,2.921832323074341,✓,?,0.9383610015052678,150.79019165039062,1.9654860082088201,0.030663220211863518,8192.0,0.20095698535442352,0.20000097751617432,0.19992642402648925,0.9004344522613044,0.8964,0.8955,cnn-9_cifar10_rand_gaussian_sig0.03_bounded-pmin1e-05_epoch30_bs250_lr0.001_mon0.95_dp0.0_objective-channel_gradient-chan0.001-bec-outage0.5-frob-kl0.001_seed7,bec-outage0.5_chan-layer4_mcsamples500_norm-frob_seed7_bounds.json
cnn-9,cifar10,30.0,bec,outage 0.5,frob,channel_grad,0.001,0.01,0.2000611126422882,0.8996547999999999,0.2000663995742798,4.268568515777588,✓,?,0.2633741956786533,0.9027000000000001,3.590686082839966,✓,?,0.941256597364769,571.3953247070312,0.7532210895822443,0.011750876903533936,8192.0,0.20106233656406403,0.2000663995742798,0.20004847049713134,0.9040904924623094,0.9027000000000001,0.9045,cnn-9_cifar10_rand_gaussian_sig0.03_bounded-pmin1e-05_epoch30_bs250_lr0.001_mon0.95_dp0.0_objective-channel_gradient-chan0.01-bec-outage0.5-frob-kl0.001_seed7,bec-outage0.5_chan-layer4_mcsamples500_norm-frob_seed7_bounds.json
cnn-9,cifar10,30.0,bec,outage 0.5,frob,channel_grad,0.01,0.0001,0.2004288285970688,0.8990128000000001,0.2004309892654419,5.954972743988037,✓,?,0.26399285888550617,0.899,5.278082847595215,✓,?,0.940882778811639,10.994658470153809,4.946187130360868,0.07716464251279831,8192.0,0.20163093507289886,0.2004309892654419,0.20054876804351807,0.9036146331658268,0.899,0.8995,cnn-9_cifar10_rand_gaussian_sig0.03_bounded-pmin1e-05_epoch30_bs250_lr0.001_mon0.95_dp0.0_objective-channel_gradient-chan0.0001-bec-outage0.5-frob-kl0.01_seed7,bec-outage0.5_chan-layer4_mcsamples500_norm-frob_seed7_bounds.json
cnn-9,cifar10,30.0,bec,outage 0.5,frob,channel_grad,0.01,0.001,0.20025160908699036,0.8990401999999998,0.20026664733886718,4.807163238525391,✓,?,0.26368707315917195,0.8979,4.129824161529541,✓,?,0.9410264774635532,29.211322784423828,3.7167668532488083,0.05798466131091118,8192.0,0.20134881138801575,0.20026664733886718,0.20028605461120605,0.9037914773869318,0.8979,0.8994,cnn-9_cifar10_rand_gaussian_sig0.03_bounded-pmin1e-05_epoch30_bs250_lr0.001_mon0.95_dp0.0_objective-channel_gradient-chan0.001-bec-outage0.5-frob-kl0.01_seed7,bec-outage0.5_chan-layer4_mcsamples500_norm-frob_seed7_bounds.json
cnn-9,cifar10,30.0,bec,outage 0.5,frob,channel_grad,0.01,0.01,0.20011141896247864,0.9000348,0.20013058185577393,3.4549312591552734,✓,?,0.2634339250508487,0.901,2.7766430377960205,✓,?,0.9417221394304567,174.30638122558594,1.7149540418302809,0.02675471268594265,8192.0,0.20111720263957977,0.20013058185577393,0.20008342266082763,0.9046795979899475,0.901,0.9034,cnn-9_cifar10_rand_gaussian_sig0.03_bounded-pmin1e-05_epoch30_bs250_lr0.001_mon0.95_dp0.0_objective-channel_gradient-chan0.01-bec-outage0.5-frob-kl0.01_seed7,bec-outage0.5_chan-layer4_mcsamples500_norm-frob_seed7_bounds.json
cnn-9,cifar10,50.0,bec,outage 0.5,frob,vanilla,1.0,0.0,0.19803695380687714,0.8774624,0.19798789024353028,2.2216177322328865,✓,-,0.2611577610504161,0.8779,1.5551880715325554,✓,-,0.9275874217507474,267.66552734375,0.07826044331633007,0.0012209281558170915,8192.0,0.19903619587421417,0.19798789024353028,0.19814186096191405,0.8869980301507521,0.8779,0.8861,cnn-9_cifar10_rand_gaussian_sig0.03_bounded-pmin1e-05_epoch50_bs250_lr0.001_mon0.95_dp0.0_objective-vanilla_seed7,bec-outage0.5_chan-layer4_mcsamples500_norm-frob_seed7_bounds.json
cnn-9,cifar10,50.0,bec,outage 0.5,frob,channel_grad,0.0001,0.0001,0.19887791574001312,0.8826341999999997,0.19910128116607667,5.199812889099121,✓,✗,0.2619858310311983,0.8855999999999999,4.531681060791016,✓,✗,0.9301179172379636,209.69473266601562,3.3131785291043285,0.05168834701180458,8192.0,0.19979490339756012,0.19910128116607667,0.19880074262619019,0.8901306934673348,0.8855999999999999,0.888,cnn-9_cifar10_rand_gaussian_sig0.03_bounded-pmin1e-05_epoch50_bs250_lr0.001_mon0.95_dp0.0_objective-channel_gradient-chan0.0001-bec-outage0.5-frob-kl0.0001_seed7,bec-outage0.5_chan-layer4_mcsamples500_norm-frob_seed7_bounds.json
cnn-9,cifar10,50.0,bec,outage 0.5,frob,channel_grad,0.0001,0.001,0.19995760917663574,0.8947408000000001,0.20009756088256836,3.6786491870880127,✓,✗,0.263210827909083,0.9009,3.0053980350494385,✓,✗,0.93646186004398,303.3216247558594,1.3669584062341371,0.021325690671801567,8192.0,0.2009149044752121,0.20009756088256836,0.19990485906600952,0.8980502512562794,0.9009,0.8942,cnn-9_cifar10_rand_gaussian_sig0.03_bounded-pmin1e-05_epoch50_bs250_lr0.001_mon0.95_dp0.0_objective-channel_gradient-chan0.001-bec-outage0.5-frob-kl0.0001_seed7,bec-outage0.5_chan-layer4_mcsamples500_norm-frob_seed7_bounds.json
cnn-9,cifar10,50.0,bec,outage 0.5,frob,channel_grad,0.0001,0.01,0.2000499963760376,0.8999485999999999,0.20012955665588378,5.924321174621582,✓,✗,0.2633644295896601,0.9087,5.246157646179199,✓,✗,0.941528253717762,985.2653198242188,0.5578194586808863,0.008702448569238186,8192.0,0.20105504989624023,0.20012955665588378,0.20002169609069825,0.9044387939698466,0.9087,0.8985,cnn-9_cifar10_rand_gaussian_sig0.03_bounded-pmin1e-05_epoch50_bs250_lr0.001_mon0.95_dp0.0_objective-channel_gradient-chan0.01-bec-outage0.5-frob-kl0.0001_seed7,bec-outage0.5_chan-layer4_mcsamples500_norm-frob_seed7_bounds.json
cnn-9,cifar10,50.0,bec,outage 0.5,frob,channel_grad,0.001,0.0001,0.1995009183883667,0.8895528,0.19973440170288087,4.839934825897217,✓,✗,0.2627537496778989,0.8909,4.16816520690918,✓,✗,0.9345235130015512,104.88754272460938,3.417606686210018,0.053317513316869736,8192.0,0.20049525797367096,0.19973440170288087,0.19950650930404662,0.8956147939698467,0.8909,0.891,cnn-9_cifar10_rand_gaussian_sig0.03_bounded-pmin1e-05_epoch50_bs250_lr0.001_mon0.95_dp0.0_objective-channel_gradient-chan0.0001-bec-outage0.5-frob-kl0.001_seed7,bec-outage0.5_chan-layer4_mcsamples500_norm-frob_seed7_bounds.json
cnn-9,cifar10,50.0,bec,outage 0.5,frob,channel_grad,0.001,0.001,0.19994249939918518,0.8949481999999999,0.2001129388809204,3.591219663619995,✓,✗,0.26320335363160163,0.9001,2.917030096054077,✓,✗,0.9373929164512989,170.131103515625,1.8742440771167042,0.029239770025014877,8192.0,0.20090679824352264,0.2001129388809204,0.19990373849868776,0.8992085628140688,0.9001,0.8936,cnn-9_cifar10_rand_gaussian_sig0.03_bounded-pmin1e-05_epoch50_bs250_lr0.001_mon0.95_dp0.0_objective-channel_gradient-chan0.001-bec-outage0.5-frob-kl0.001_seed7,bec-outage0.5_chan-layer4_mcsamples500_norm-frob_seed7_bounds.json
cnn-9,cifar10,50.0,bec,outage 0.5,frob,channel_grad,0.001,0.01,0.20005646347999573,0.8997763999999999,0.20014727115631104,4.355586051940918,✓,✗,0.2633691832926274,0.9097,3.6775565147399902,✓,✗,0.9413986418130484,595.7277221679688,0.7312786306737896,0.011408556252717972,8192.0,0.2010602056980133,0.20014727115631104,0.20003433227539064,0.9042651658291438,0.9097,0.8967,cnn-9_cifar10_rand_gaussian_sig0.03_bounded-pmin1e-05_epoch50_bs250_lr0.001_mon0.95_dp0.0_objective-channel_gradient-chan0.01-bec-outage0.5-frob-kl0.001_seed7,bec-outage0.5_chan-layer4_mcsamples500_norm-frob_seed7_bounds.json
cnn-9,cifar10,50.0,bec,outage 0.5,frob,channel_grad,0.01,0.0001,0.20042772591114044,0.8986283999999998,0.20072295665740966,5.898266315460205,✓,✗,0.26401825057408645,0.9019,5.2214179039001465,✓,✗,0.9408667517770517,10.568238258361816,4.891403455217347,0.07630997151136398,8192.0,0.20165187120437622,0.20072295665740966,0.2006782054901123,0.9035885025125602,0.9019,0.8956,cnn-9_cifar10_rand_gaussian_sig0.03_bounded-pmin1e-05_epoch50_bs250_lr0.001_mon0.95_dp0.0_objective-channel_gradient-chan0.0001-bec-outage0.5-frob-kl0.01_seed7,bec-outage0.5_chan-layer4_mcsamples500_norm-frob_seed7_bounds.json
cnn-9,cifar10,50.0,bec,outage 0.5,frob,channel_grad,0.01,0.001,0.20024695992469788,0.8989469999999999,0.2005021572113037,4.769474983215332,✓,✗,0.2636958655173024,0.901,4.092147350311279,✓,✗,0.9410232739705026,28.76354217529297,3.6810835834292948,0.05742797255516052,8192.0,0.2013583481311798,0.2005021572113037,0.20038228034973143,0.9037862512562793,0.901,0.8946000000000001,cnn-9_cifar10_rand_gaussian_sig0.03_bounded-pmin1e-05_epoch50_bs250_lr0.001_mon0.95_dp0.0_objective-channel_gradient-chan0.001-bec-outage0.5-frob-kl0.01_seed7,bec-outage0.5_chan-layer4_mcsamples500_norm-frob_seed7_bounds.json
cnn-9,cifar10,50.0,bec,outage 0.5,frob,channel_grad,0.01,0.01,0.2001081258058548,0.8998808,0.2002710819244385,3.4607481956481934,✓,✗,0.2634362056914069,0.9053,2.782534122467041,✓,✗,0.941650225225656,172.55435180664062,1.7286783763762477,0.02696882374584675,8192.0,0.20111967623233795,0.2002710819244385,0.2001147985458374,0.9045810251256261,0.9053,0.8972,cnn-9_cifar10_rand_gaussian_sig0.03_bounded-pmin1e-05_epoch50_bs250_lr0.001_mon0.95_dp0.0_objective-channel_gradient-chan0.01-bec-outage0.5-frob-kl0.01_seed7,bec-outage0.5_chan-layer4_mcsamples500_norm-frob_seed7_bounds.json
cnn-9,cifar10,5.0,bec,outage 0.5,spec,vanilla,1.0,0.0,0.20038166642189026,0.8988582,0.20027496814727783,1.0416116001360267,✓,-,0.263922851957125,0.8963,0.3647174485985155,✗,-,0.9408170034946362,14.502819061279297,0.01720277965068817,0.01720277965068817,8192.0,0.20156490802764893,0.20027496814727783,0.20068745613098143,0.9035265929648213,0.8963,0.9011,cnn-9_cifar10_rand_gaussian_sig0.03_bounded-pmin1e-05_epoch5_bs250_lr0.001_mon0.95_dp0.0_objective-vanilla_seed7,bec-outage0.5_chan-layer4_mcsamples500_norm-spec_seed7_bounds.json
cnn-9,cifar10,10.0,bec,outage 0.5,spec,vanilla,1.0,0.0,0.20015430450439453,0.8974930000000002,0.20006611347198486,1.115807415714694,✓,-,0.263579727432797,0.8928,0.4396625752436395,✗,-,0.9397245679038516,31.337783813476562,0.01720277965068817,0.01720277965068817,8192.0,0.20125220715999603,0.20006611347198486,0.200345778465271,0.9021546934673341,0.8928,0.8988,cnn-9_cifar10_rand_gaussian_sig0.03_bounded-pmin1e-05_epoch10_bs250_lr0.001_mon0.95_dp0.0_objective-vanilla_seed7,bec-outage0.5_chan-layer4_mcsamples500_norm-spec_seed7_bounds.json
cnn-9,cifar10,10.0,bec,outage 0.5,spec,channel_grad,0.0001,0.0001,0.20016001164913177,0.8974879999999995,0.20013210773468018,1.1474359035491943,✓,✗,0.2635973920116168,0.9003,0.4712204337120056,✗,✓,0.9398128687488727,29.88652992248535,0.0552331805229187,0.0552331805229187,8192.0,0.2012680619955063,0.20013210773468018,0.20034072399139405,0.9022592964824097,0.9003,0.8992,cnn-9_cifar10_rand_gaussian_sig0.03_bounded-pmin1e-05_epoch10_bs250_lr0.001_mon0.95_dp0.0_objective-channel_gradient-chan0.0001-bec-outage0.5-spec-kl0.0001_seed7,bec-outage0.5_chan-layer4_mcsamples500_norm-spec_seed7_bounds.json
cnn-9,cifar10,10.0,bec,outage 0.5,spec,channel_grad,0.0001,0.001,0.2001546174287796,0.897491,0.2001269578933716,1.150442361831665,✓,✗,0.2635886132099312,0.9008,0.4742189943790436,✗,✓,0.9398119528093118,30.715557098388672,0.0545329786837101,0.0545329786837101,8192.0,0.20125854015350342,0.2001269578933716,0.20032980442047119,0.9022578090452237,0.9008,0.8992,cnn-9_cifar10_rand_gaussian_sig0.03_bounded-pmin1e-05_epoch10_bs250_lr0.001_mon0.95_dp0.0_objective-channel_gradient-chan0.001-bec-outage0.5-spec-kl0.0001_seed7,bec-outage0.5_chan-layer4_mcsamples500_norm-spec_seed7_bounds.json
cnn-9,cifar10,10.0,bec,outage 0.5,spec,channel_grad,0.0001,0.01,0.20011328160762787,0.8975594000000001,0.20009181499481202,1.1836960315704346,✓,✓,0.2635051661375344,0.899,0.5073683857917786,✗,✗,0.9398329451538472,39.4318733215332,0.048785269260406494,0.048785269260406494,8192.0,0.20118455588817596,0.20009181499481202,0.20024576187133789,0.9022918994974853,0.899,0.8988,cnn-9_cifar10_rand_gaussian_sig0.03_bounded-pmin1e-05_epoch10_bs250_lr0.001_mon0.95_dp0.0_objective-channel_gradient-chan0.01-bec-outage0.5-spec-kl0.0001_seed7,bec-outage0.5_chan-layer4_mcsamples500_norm-spec_seed7_bounds.json
cnn-9,cifar10,10.0,bec,outage 0.5,spec,channel_grad,0.001,0.0001,0.20019951462745667,0.8977540000000003,0.20016956329345703,1.1307895183563232,✓,✗,0.2636571167271995,0.8993,0.4544609487056732,✗,✗,0.9399856500650857,25.64324378967285,0.057390518486499786,0.057390518486499786,8192.0,0.20132292807102203,0.20016956329345703,0.2004002332687378,0.9024818894472343,0.8993,0.8993,cnn-9_cifar10_rand_gaussian_sig0.03_bounded-pmin1e-05_epoch10_bs250_lr0.001_mon0.95_dp0.0_objective-channel_gradient-chan0.0001-bec-outage0.5-spec-kl0.001_seed7,bec-outage0.5_chan-layer4_mcsamples500_norm-spec_seed7_bounds.json
cnn-9,cifar10,10.0,bec,outage 0.5,spec,channel_grad,0.001,0.001,0.2001935988664627,0.8977545999999998,0.20016353130340575,1.1332826614379883,✓,✗,0.26364781598389864,0.8992,0.4569522440433502,✗,✗,0.9399782526851194,26.359853744506836,0.056686315685510635,0.056686315685510635,8192.0,0.2013128399848938,0.20016353130340575,0.20039002895355223,0.9024698693467318,0.8992,0.8989,cnn-9_cifar10_rand_gaussian_sig0.03_bounded-pmin1e-05_epoch10_bs250_lr0.001_mon0.95_dp0.0_objective-channel_gradient-chan0.001-bec-outage0.5-spec-kl0.001_seed7,bec-outage0.5_chan-layer4_mcsamples500_norm-spec_seed7_bounds.json
cnn-9,cifar10,10.0,bec,outage 0.5,spec,channel_grad,0.001,0.01,0.20014815032482147,0.8977470000000001,0.20012383460998534,1.160926103591919,✓,✓,0.2635601256105094,0.8994,0.48449552059173584,✗,✗,0.939990647626133,33.79867935180664,0.05104989930987358,0.05104989930987358,8192.0,0.20123425126075745,0.20012383460998534,0.20030038356781005,0.9024900100502494,0.8994,0.8996,cnn-9_cifar10_rand_gaussian_sig0.03_bounded-pmin1e-05_epoch10_bs250_lr0.001_mon0.95_dp0.0_objective-channel_gradient-chan0.01-bec-outage0.5-spec-kl0.001_seed7,bec-outage0.5_chan-layer4_mcsamples500_norm-spec_seed7_bounds.json
cnn-9,cifar10,10.0,bec,outage 0.5,spec,channel_grad,0.01,0.0001,0.20050807297229767,0.8991427999999998,0.20046637058258057,1.0684329271316528,✓,✗,0.2641242644270413,0.8964,0.39165955781936646,✗,✗,0.9408977209392693,8.130760192871094,0.07244017720222473,0.07244017720222473,8192.0,0.20175035297870636,0.20046637058258057,0.20084702968597412,0.9036389949748719,0.8964,0.9037,cnn-9_cifar10_rand_gaussian_sig0.03_bounded-pmin1e-05_epoch10_bs250_lr0.001_mon0.95_dp0.0_objective-channel_gradient-chan0.0001-bec-outage0.5-spec-kl0.01_seed7,bec-outage0.5_chan-layer4_mcsamples500_norm-spec_seed7_bounds.json
cnn-9,cifar10,10.0,bec,outage 0.5,spec,channel_grad,0.01,0.001,0.20050089061260223,0.8991460000000001,0.20045950412750244,1.0689232349395752,✓,✗,0.26411400303070065,0.8966,0.3921389877796173,✗,✗,0.9408982633927476,8.368688583374023,0.07186586409807205,0.07186586409807205,8192.0,0.20173922181129456,0.20045950412750244,0.20083608627319335,0.9036398793969824,0.8966,0.9037,cnn-9_cifar10_rand_gaussian_sig0.03_bounded-pmin1e-05_epoch10_bs250_lr0.001_mon0.95_dp0.0_objective-channel_gradient-chan0.001-bec-outage0.5-spec-kl0.01_seed7,bec-outage0.5_chan-layer4_mcsamples500_norm-spec_seed7_bounds.json
cnn-9,cifar10,10.0,bec,outage 0.5,spec,channel_grad,0.01,0.01,0.20044027268886566,0.8991169999999998,0.2004005193710327,1.0752562284469604,✓,✗,0.26400935309172713,0.8972,0.3983398973941803,✗,✗,0.9409256308624081,10.84288501739502,0.0671064555644989,0.0671064555644989,8192.0,0.20164552330970764,0.2004005193710327,0.20074131488800048,0.9036653266331632,0.8972,0.903,cnn-9_cifar10_rand_gaussian_sig0.03_bounded-pmin1e-05_epoch10_bs250_lr0.001_mon0.95_dp0.0_objective-channel_gradient-chan0.01-bec-outage0.5-spec-kl0.01_seed7,bec-outage0.5_chan-layer4_mcsamples500_norm-spec_seed7_bounds.json
cnn-9,cifar10,20.0,bec,outage 0.5,spec,vanilla,1.0,0.0,0.1998947709798813,0.8944122,0.19983004331588744,1.2547067126012523,✓,-,0.26322121302913193,0.8906000000000001,0.580490449284901,✗,-,0.9374374763454832,62.90802001953125,0.01720277965068817,0.01720277965068817,8192.0,0.2009228616952896,0.19983004331588744,0.20000576972961426,0.89926050251256,0.8906000000000001,0.895,cnn-9_cifar10_rand_gaussian_sig0.03_bounded-pmin1e-05_epoch20_bs250_lr0.001_mon0.95_dp0.0_objective-vanilla_seed7,bec-outage0.5_chan-layer4_mcsamples500_norm-spec_seed7_bounds.json
cnn-9,cifar10,20.0,bec,outage 0.5,spec,channel_grad,0.0001,0.0001,0.19989776611328125,0.8942515999999999,0.1998366594314575,1.2792127132415771,✓,✗,0.263233633468266,0.8929,0.604893684387207,✗,✓,0.9375527622329041,61.729148864746094,0.04686562344431877,0.04686562344431877,8192.0,0.20093633234500885,0.1998366594314575,0.19988952875137328,0.8994065929648216,0.8929,0.8927,cnn-9_cifar10_rand_gaussian_sig0.03_bounded-pmin1e-05_epoch20_bs250_lr0.001_mon0.95_dp0.0_objective-channel_gradient-chan0.0001-bec-outage0.5-spec-kl0.0001_seed7,bec-outage0.5_chan-layer4_mcsamples500_norm-spec_seed7_bounds.json
cnn-9,cifar10,20.0,bec,outage 0.5,spec,channel_grad,0.0001,0.001,0.19989751279354095,0.8943063999999996,0.199837327003479,1.2841241359710693,✓,✗,0.2632302673094299,0.8927,0.6097927093505859,✗,✓,0.9375617465097574,62.97728729248047,0.04618621617555618,0.04618621617555618,8192.0,0.20093268156051636,0.199837327003479,0.19988605976104737,0.8994210653266311,0.8927,0.893,cnn-9_cifar10_rand_gaussian_sig0.03_bounded-pmin1e-05_epoch20_bs250_lr0.001_mon0.95_dp0.0_objective-channel_gradient-chan0.001-bec-outage0.5-spec-kl0.0001_seed7,bec-outage0.5_chan-layer4_mcsamples500_norm-spec_seed7_bounds.json
cnn-9,cifar10,20.0,bec,outage 0.5,spec,channel_grad,0.0001,0.01,0.19990591704845428,0.8946065999999995,0.1998502492904663,1.3391025066375732,✓,✗,0.2632099485823205,0.8919,0.6646969318389893,✗,✗,0.937615443564354,76.54595947265625,0.04042981192469597,0.04042981192469597,8192.0,0.2009139508008957,0.1998502492904663,0.19988104104995727,0.8994877989949727,0.8919,0.8938,cnn-9_cifar10_rand_gaussian_sig0.03_bounded-pmin1e-05_epoch20_bs250_lr0.001_mon0.95_dp0.0_objective-channel_gradient-chan0.01-bec-outage0.5-spec-kl0.0001_seed7,bec-outage0.5_chan-layer4_mcsamples500_norm-spec_seed7_bounds.json
cnn-9,cifar10,20.0,bec,outage 0.5,spec,channel_grad,0.001,0.0001,0.19998443126678467,0.895342,0.19992488622665405,1.214455485343933,✓,✗,0.2633636327261569,0.8945,0.5394723415374756,✗,✗,0.9383467408980327,46.18788146972656,0.05081697180867195,0.05081697180867195,8192.0,0.201054185628891,0.19992488622665405,0.20000097751617432,0.9004114170854253,0.8945,0.8953,cnn-9_cifar10_rand_gaussian_sig0.03_bounded-pmin1e-05_epoch20_bs250_lr0.001_mon0.95_dp0.0_objective-channel_gradient-chan0.0001-bec-outage0.5-spec-kl0.001_seed7,bec-outage0.5_chan-layer4_mcsamples500_norm-spec_seed7_bounds.json
cnn-9,cifar10,20.0,bec,outage 0.5,spec,channel_grad,0.001,0.001,0.19998233020305634,0.8953745999999999,0.1999229073524475,1.2181122303009033,✓,✗,0.26335823328897157,0.8941,0.543123185634613,✗,✗,0.9383473630885757,47.15843963623047,0.050132766366004944,0.050132766366004944,8192.0,0.2010483294725418,0.1999229073524475,0.19999600648880006,0.9004124221105515,0.8941,0.895,cnn-9_cifar10_rand_gaussian_sig0.03_bounded-pmin1e-05_epoch20_bs250_lr0.001_mon0.95_dp0.0_objective-channel_gradient-chan0.001-bec-outage0.5-spec-kl0.001_seed7,bec-outage0.5_chan-layer4_mcsamples500_norm-spec_seed7_bounds.json
cnn-9,cifar10,20.0,bec,outage 0.5,spec,channel_grad,0.001,0.01,0.19997189939022064,0.8954752,0.19991589784622193,1.2582036256790161,✓,✗,0.2633154405295848,0.8943,0.583116352558136,✗,✗,0.9384027659328626,57.36729049682617,0.04451332613825798,0.04451332613825798,8192.0,0.20100852847099304,0.19991589784622193,0.19996654987335205,0.9004822914572842,0.8943,0.8936999999999999,cnn-9_cifar10_rand_gaussian_sig0.03_bounded-pmin1e-05_epoch20_bs250_lr0.001_mon0.95_dp0.0_objective-channel_gradient-chan0.01-bec-outage0.5-spec-kl0.001_seed7,bec-outage0.5_chan-layer4_mcsamples500_norm-spec_seed7_bounds.json
cnn-9,cifar10,20.0,bec,outage 0.5,spec,channel_grad,0.01,0.0001,0.20047402381896973,0.8986312,0.20042128562927247,1.0719751119613647,✓,✗,0.26408760961251976,0.8979,0.395178884267807,✗,✗,0.9408839623465004,8.954030990600586,0.07231437414884567,0.07231437414884567,8192.0,0.20171719789505005,0.20042128562927247,0.20064818859100342,0.9036165628140674,0.8979,0.8991,cnn-9_cifar10_rand_gaussian_sig0.03_bounded-pmin1e-05_epoch20_bs250_lr0.001_mon0.95_dp0.0_objective-channel_gradient-chan0.0001-bec-outage0.5-spec-kl0.01_seed7,bec-outage0.5_chan-layer4_mcsamples500_norm-spec_seed7_bounds.json
cnn-9,cifar10,20.0,bec,outage 0.5,spec,channel_grad,0.01,0.001,0.20046739280223846,0.8986379999999999,0.2004143476486206,1.0724785327911377,✓,✗,0.26407798002969973,0.8981,0.39567452669143677,✗,✗,0.9408820884163029,9.19097900390625,0.07175999134778976,0.07175999134778976,8192.0,0.20170675218105316,0.2004143476486206,0.20063881874084472,0.903613507537686,0.8981,0.8989,cnn-9_cifar10_rand_gaussian_sig0.03_bounded-pmin1e-05_epoch20_bs250_lr0.001_mon0.95_dp0.0_objective-channel_gradient-chan0.001-bec-outage0.5-spec-kl0.01_seed7,bec-outage0.5_chan-layer4_mcsamples500_norm-spec_seed7_bounds.json
cnn-9,cifar10,20.0,bec,outage 0.5,spec,channel_grad,0.01,0.01,0.20040981471538544,0.8986390000000001,0.20035438537597655,1.0790787935256958,✓,✗,0.2639793552110964,0.8982,0.40218350291252136,✗,✗,0.9408746666664405,11.755047798156738,0.06690075248479843,0.06690075248479843,8192.0,0.2016162872314453,0.20035438537597655,0.20055418014526366,0.9036014070351736,0.8982,0.8996999999999999,cnn-9_cifar10_rand_gaussian_sig0.03_bounded-pmin1e-05_epoch20_bs250_lr0.001_mon0.95_dp0.0_objective-channel_gradient-chan0.01-bec-outage0.5-spec-kl0.01_seed7,bec-outage0.5_chan-layer4_mcsamples500_norm-spec_seed7_bounds.json
cnn-9,cifar10,30.0,bec,outage 0.5,spec,channel_grad,0.0001,0.0001,0.19965088367462158,0.8906641999999998,0.19964715242385864,1.4348537921905518,✓,?,0.2629109626881503,0.89,0.7626111507415771,✗,?,0.9351535912589157,97.6904067993164,0.044082190841436386,0.044082190841436386,8192.0,0.2006392925977707,0.19964715242385864,0.1995585322380066,0.8963975075376863,0.89,0.893,cnn-9_cifar10_rand_gaussian_sig0.03_bounded-pmin1e-05_epoch30_bs250_lr0.001_mon0.95_dp0.0_objective-channel_gradient-chan0.0001-bec-outage0.5-spec-kl0.0001_seed7,bec-outage0.5_chan-layer4_mcsamples500_norm-spec_seed7_bounds.json
cnn-9,cifar10,30.0,bec,outage 0.5,spec,channel_grad,0.0001,0.001,0.1996585577726364,0.8907982,0.19965535402297974,1.4389448165893555,✓,?,0.2629149611251451,0.8899,0.7666882872581482,✗,?,0.9351714565865302,98.7682113647461,0.0433351993560791,0.0433351993560791,8192.0,0.2006436288356781,0.19965535402297974,0.1995650053024292,0.8964260502512542,0.8899,0.8927,cnn-9_cifar10_rand_gaussian_sig0.03_bounded-pmin1e-05_epoch30_bs250_lr0.001_mon0.95_dp0.0_objective-channel_gradient-chan0.001-bec-outage0.5-spec-kl0.0001_seed7,bec-outage0.5_chan-layer4_mcsamples500_norm-spec_seed7_bounds.json
cnn-9,cifar10,30.0,bec,outage 0.5,spec,channel_grad,0.0001,0.01,0.19973723590373993,0.8916094000000001,0.19973946809768678,1.4905303716659546,✓,?,0.2629751812179071,0.8916,0.8180424571037292,✗,?,0.9354630006225677,111.64327239990234,0.037050094455480576,0.037050094455480576,8192.0,0.20069901645183563,0.19973946809768678,0.19963847398757933,0.8967911959798974,0.8916,0.8936999999999999,cnn-9_cifar10_rand_gaussian_sig0.03_bounded-pmin1e-05_epoch30_bs250_lr0.001_mon0.95_dp0.0_objective-channel_gradient-chan0.01-bec-outage0.5-spec-kl0.0001_seed7,bec-outage0.5_chan-layer4_mcsamples500_norm-spec_seed7_bounds.json
cnn-9,cifar10,30.0,bec,outage 0.5,spec,channel_grad,0.001,0.0001,0.19982174038887024,0.8931485999999998,0.199821138381958,1.2915688753128052,✓,?,0.2631468206786777,0.8929,0.6177655458450317,✗,?,0.936950070397396,64.23146057128906,0.04863367974758148,0.04863367974758148,8192.0,0.20085540413856506,0.199821138381958,0.19977521896362305,0.8986549547738678,0.8929,0.8947,cnn-9_cifar10_rand_gaussian_sig0.03_bounded-pmin1e-05_epoch30_bs250_lr0.001_mon0.95_dp0.0_objective-channel_gradient-chan0.0001-bec-outage0.5-spec-kl0.001_seed7,bec-outage0.5_chan-layer4_mcsamples500_norm-spec_seed7_bounds.json
cnn-9,cifar10,30.0,bec,outage 0.5,spec,channel_grad,0.001,0.001,0.1998242884874344,0.8932015999999999,0.1998249888420105,1.294581651687622,✓,?,0.2631457077669309,0.893,0.6207685470581055,✗,?,0.9369588490146026,65.06657409667969,0.04790299013257027,0.04790299013257027,8192.0,0.20085419714450836,0.1998249888420105,0.1997756242752075,0.8986690653266308,0.893,0.8951,cnn-9_cifar10_rand_gaussian_sig0.03_bounded-pmin1e-05_epoch30_bs250_lr0.001_mon0.95_dp0.0_objective-channel_gradient-chan0.001-bec-outage0.5-spec-kl0.001_seed7,bec-outage0.5_chan-layer4_mcsamples500_norm-spec_seed7_bounds.json
cnn-9,cifar10,30.0,bec,outage 0.5,spec,channel_grad,0.001,0.01,0.19985060393810272,0.8936980000000001,0.19985551834106446,1.3318697214126587,✓,?,0.2631451856601855,0.8923,0.6578880548477173,✗,?,0.9371268843769249,74.66654968261719,0.042090680450201035,0.042090680450201035,8192.0,0.200853630900383,0.19985551834106446,0.1997867465019226,0.8988796381909532,0.8923,0.8949,cnn-9_cifar10_rand_gaussian_sig0.03_bounded-pmin1e-05_epoch30_bs250_lr0.001_mon0.95_dp0.0_objective-channel_gradient-chan0.01-bec-outage0.5-spec-kl0.001_seed7,bec-outage0.5_chan-layer4_mcsamples500_norm-spec_seed7_bounds.json
cnn-9,cifar10,30.0,bec,outage 0.5,spec,channel_grad,0.01,0.0001,0.2004721462726593,0.8989689999999999,0.20047154426574706,1.0723711252212524,✓,?,0.2640673794438758,0.8987,0.39556884765625,✗,?,0.9408696119863015,9.180079460144043,0.0717136561870575,0.0717136561870575,8192.0,0.20169855654239655,0.20047154426574706,0.20061235427856444,0.9035931658291434,0.8987,0.8993,cnn-9_cifar10_rand_gaussian_sig0.03_bounded-pmin1e-05_epoch30_bs250_lr0.001_mon0.95_dp0.0_objective-channel_gradient-chan0.0001-bec-outage0.5-spec-kl0.01_seed7,bec-outage0.5_chan-layer4_mcsamples500_norm-spec_seed7_bounds.json
cnn-9,cifar10,30.0,bec,outage 0.5,spec,channel_grad,0.01,0.001,0.20046554505825043,0.8989632000000002,0.20046589374542237,1.0729163885116577,✓,?,0.2640579146649632,0.8986,0.3961016535758972,✗,?,0.9408725461664793,9.423563003540039,0.07116706669330597,0.07116706669330597,8192.0,0.20168828964233398,0.20046589374542237,0.20060305595397948,0.903597949748741,0.8986,0.8993,cnn-9_cifar10_rand_gaussian_sig0.03_bounded-pmin1e-05_epoch30_bs250_lr0.001_mon0.95_dp0.0_objective-channel_gradient-chan0.001-bec-outage0.5-spec-kl0.01_seed7,bec-outage0.5_chan-layer4_mcsamples500_norm-spec_seed7_bounds.json
cnn-9,cifar10,30.0,bec,outage 0.5,spec,channel_grad,0.01,0.01,0.2004094123840332,0.8990129999999997,0.20041215419769287,1.0795429944992065,✓,?,0.2639621602372467,0.8981,0.40262895822525024,✗,?,0.9408761460850179,11.969213485717773,0.06640561670064926,0.06640561670064926,8192.0,0.20160093903541565,0.20041215419769287,0.20051908493041992,0.9036038190954753,0.8981,0.8992,cnn-9_cifar10_rand_gaussian_sig0.03_bounded-pmin1e-05_epoch30_bs250_lr0.001_mon0.95_dp0.0_objective-channel_gradient-chan0.01-bec-outage0.5-spec-kl0.01_seed7,bec-outage0.5_chan-layer4_mcsamples500_norm-spec_seed7_bounds.json
cnn-9,cifar10,50.0,bec,outage 0.5,spec,vanilla,1.0,0.0,0.19803695380687714,0.8774624,0.19798789024353028,2.1605600685672446,✓,-,0.2611577610504161,0.8779,1.4941304078669135,✓,-,0.9275874217507474,267.66552734375,0.01720277965068817,0.01720277965068817,8192.0,0.19903619587421417,0.19798789024353028,0.19814186096191405,0.8869980301507521,0.8779,0.8861,cnn-9_cifar10_rand_gaussian_sig0.03_bounded-pmin1e-05_epoch50_bs250_lr0.001_mon0.95_dp0.0_objective-vanilla_seed7,bec-outage0.5_chan-layer4_mcsamples500_norm-spec_seed7_bounds.json
cnn-9,cifar10,50.0,bec,outage 0.5,spec,channel_grad,0.0001,0.0001,0.1983266919851303,0.8788524000000001,0.19859980344772338,2.0640101432800293,✓,✗,0.2614601354619286,0.8812,1.3972259759902954,✓,✗,0.9282442586180677,237.38453674316406,0.05541672557592392,0.05541672557592392,8192.0,0.19931432604789734,0.19859980344772338,0.19829944372177125,0.8878093266331635,0.8812,0.887,cnn-9_cifar10_rand_gaussian_sig0.03_bounded-pmin1e-05_epoch50_bs250_lr0.001_mon0.95_dp0.0_objective-channel_gradient-chan0.0001-bec-outage0.5-spec-kl0.0001_seed7,bec-outage0.5_chan-layer4_mcsamples500_norm-spec_seed7_bounds.json
cnn-9,cifar10,50.0,bec,outage 0.5,spec,channel_grad,0.0001,0.001,0.1983942687511444,0.8793982,0.1986607313156128,2.0466792583465576,✓,✗,0.26152176105648195,0.8814,1.3796262741088867,✓,✗,0.9285747984460538,233.75181579589844,0.05400135740637779,0.05400135740637779,8192.0,0.19937120378017426,0.1986607313156128,0.19836080074310303,0.888219457286431,0.8814,0.8883,cnn-9_cifar10_rand_gaussian_sig0.03_bounded-pmin1e-05_epoch50_bs250_lr0.001_mon0.95_dp0.0_objective-channel_gradient-chan0.001-bec-outage0.5-spec-kl0.0001_seed7,bec-outage0.5_chan-layer4_mcsamples500_norm-spec_seed7_bounds.json
cnn-9,cifar10,50.0,bec,outage 0.5,spec,channel_grad,0.0001,0.01,0.19902636110782623,0.8836494,0.19924240112304686,1.9088318347930908,✓,✗,0.26213569386992064,0.8876,1.2403485774993896,✓,✗,0.9306188915527998,205.33193969726562,0.04120733588933945,0.04120733588933945,8192.0,0.19993092119693756,0.19924240112304686,0.19893561601638793,0.8907505929648218,0.8876,0.8879,cnn-9_cifar10_rand_gaussian_sig0.03_bounded-pmin1e-05_epoch50_bs250_lr0.001_mon0.95_dp0.0_objective-channel_gradient-chan0.01-bec-outage0.5-spec-kl0.0001_seed7,bec-outage0.5_chan-layer4_mcsamples500_norm-spec_seed7_bounds.json
cnn-9,cifar10,50.0,bec,outage 0.5,spec,channel_grad,0.001,0.0001,0.19934377074241638,0.8884947999999997,0.1996048092842102,1.4896752834320068,✓,✗,0.2626186785429669,0.8898,0.8182424306869507,✗,✗,0.9340515029489445,108.31087493896484,0.05250952020287514,0.05250952020287514,8192.0,0.20037193596363068,0.1996048092842102,0.19937078952789306,0.8950257286432144,0.8898,0.891,cnn-9_cifar10_rand_gaussian_sig0.03_bounded-pmin1e-05_epoch50_bs250_lr0.001_mon0.95_dp0.0_objective-channel_gradient-chan0.0001-bec-outage0.5-spec-kl0.001_seed7,bec-outage0.5_chan-layer4_mcsamples500_norm-spec_seed7_bounds.json
cnn-9,cifar10,50.0,bec,outage 0.5,spec,channel_grad,0.001,0.001,0.19936659932136536,0.8886986000000002,0.19962210655212403,1.485469102859497,✓,✗,0.26263765485060997,0.8899,0.8139840364456177,✗,✗,0.9341226717102196,107.57369995117188,0.05152890458703041,0.05152890458703041,8192.0,0.20038920640945435,0.19962210655212403,0.199390709400177,0.8951186331658281,0.8899,0.8904,cnn-9_cifar10_rand_gaussian_sig0.03_bounded-pmin1e-05_epoch50_bs250_lr0.001_mon0.95_dp0.0_objective-channel_gradient-chan0.001-bec-outage0.5-spec-kl0.001_seed7,bec-outage0.5_chan-layer4_mcsamples500_norm-spec_seed7_bounds.json
cnn-9,cifar10,50.0,bec,outage 0.5,spec,channel_grad,0.001,0.01,0.19954143464565277,0.889965,0.19977021217346191,1.470935344696045,✓,✗,0.2627858199707873,0.89,0.7989936470985413,✗,✗,0.9347274915343156,105.93281555175781,0.04372864589095116,0.04372864589095116,8192.0,0.20052672922611237,0.19977021217346191,0.19953919649124147,0.8958791959798973,0.89,0.8905,cnn-9_cifar10_rand_gaussian_sig0.03_bounded-pmin1e-05_epoch50_bs250_lr0.001_mon0.95_dp0.0_objective-channel_gradient-chan0.01-bec-outage0.5-spec-kl0.001_seed7,bec-outage0.5_chan-layer4_mcsamples500_norm-spec_seed7_bounds.json
cnn-9,cifar10,50.0,bec,outage 0.5,spec,channel_grad,0.01,0.0001,0.20047183334827423,0.8986261999999997,0.2007758378982544,1.0696676969528198,✓,✗,0.2640952841435389,0.9016,0.39289167523384094,✗,✗,0.9408712393467367,8.781846046447754,0.07078955322504044,0.07078955322504044,8192.0,0.20172221958637238,0.2007758378982544,0.20075054168701173,0.9035958190954755,0.9016,0.8953,cnn-9_cifar10_rand_gaussian_sig0.03_bounded-pmin1e-05_epoch50_bs250_lr0.001_mon0.95_dp0.0_objective-channel_gradient-chan0.0001-bec-outage0.5-spec-kl0.01_seed7,bec-outage0.5_chan-layer4_mcsamples500_norm-spec_seed7_bounds.json
cnn-9,cifar10,50.0,bec,outage 0.5,spec,channel_grad,0.01,0.001,0.2004651129245758,0.8986301999999999,0.20076777935028076,1.0702309608459473,✓,✗,0.26408245826650334,0.9019,0.39344465732574463,✗,✗,0.9408688722770131,9.021695137023926,0.07028268277645111,0.07028268277645111,8192.0,0.20171160995960236,0.20076777935028076,0.20073919296264647,0.9035919597989931,0.9019,0.8953,cnn-9_cifar10_rand_gaussian_sig0.03_bounded-pmin1e-05_epoch50_bs250_lr0.001_mon0.95_dp0.0_objective-channel_gradient-chan0.001-bec-outage0.5-spec-kl0.01_seed7,bec-outage0.5_chan-layer4_mcsamples500_norm-spec_seed7_bounds.json
cnn-9,cifar10,50.0,bec,outage 0.5,spec,channel_grad,0.01,0.01,0.2004077434539795,0.8986223999999996,0.20069916248321534,1.0768166780471802,✓,✗,0.26398327031507074,0.9015,0.3999294638633728,✗,✗,0.9408705982653531,11.54098892211914,0.06560006737709045,0.06560006737709045,8192.0,0.20162053406238556,0.20069916248321534,0.2006467819213867,0.9035947738693446,0.9015,0.8949,cnn-9_cifar10_rand_gaussian_sig0.03_bounded-pmin1e-05_epoch50_bs250_lr0.001_mon0.95_dp0.0_objective-channel_gradient-chan0.01-bec-outage0.5-spec-kl0.01_seed7,bec-outage0.5_chan-layer4_mcsamples500_norm-spec_seed7_bounds.json
