model,dataset,epoch,objective,chan_penalty,kl_penalty,channel_type,outage,tx_power,noise_var,snr_db,norm_type,stochastic_01_error,baseline_error,improvement,bound_valid,json_path
cnn-4,mnist,50,channel_gradient,0.1,1.0,rayleigh_zf,,1.0,0.1,10.0,frob,0.06840000000000002,0.08420000000000005,0.015800000000000036,True,results/posterior/cnn-4_mnist_learnt_gaussian_sig0.03_bounded-pmin1e-05_epoch50_bs250_lr0.001_mon0.95_dp0.2_objective-channel_gradient-chan0.1-rayleigh-zf-tx1.0-noise0.1-kl1.0_perc-pri0.5_epoch-pri70_bs-pri250_lr-pri0.005_mom-pri0.99_dp-pri0.2_seed7/bounds/rayleigh-zf-tx1.0-noise0.1_chan-layer2_mcsamples500_norm-frob_seed7_bounds.json
cnn-4,mnist,50,channel_gradient,1.0,0.1,rayleigh_zf,,1.0,1.0,0.0,frob,0.2825,0.3228,0.0403,False,results/posterior/cnn-4_mnist_learnt_gaussian_sig0.03_bounded-pmin1e-05_epoch50_bs250_lr0.001_mon0.95_dp0.2_objective-channel_gradient-chan1.0-rayleigh-zf-tx1.0-noise1.0-kl0.1_perc-pri0.5_epoch-pri70_bs-pri250_lr-pri0.005_mom-pri0.99_dp-pri0.2_seed7/bounds/rayleigh-zf-tx1.0-noise1.0_chan-layer2_mcsamples500_norm-frob_seed7_bounds.json
cnn-9,cifar10,50,channel_gradient,1.0,1.0,rayleigh_zf,,1.0,0.1,10.0,frob,0.35329999999999995,0.3829,0.02960000000000007,True,results/posterior/cnn-9_cifar10_learnt_gaussian_sig0.03_bounded-pmin1e-05_epoch50_bs250_lr0.001_mon0.95_dp0.2_objective-channel_gradient-chan1.0-rayleigh-zf-tx1.0-noise0.1-kl1.0_perc-pri0.5_epoch-pri70_bs-pri250_lr-pri0.005_mom-pri0.99_dp-pri0.2_seed7/bounds/rayleigh-zf-tx1.0-noise0.1_chan-layer4_mcsamples500_norm-frob_seed7_bounds.json
cnn-9,cifar10,50,channel_gradient,1.0,1.0,rayleigh_zf,,1.0,1.0,0.0,frob,0.5067999999999999,0.6052,0.09840000000000004,True,results/posterior/cnn-9_cifar10_learnt_gaussian_sig0.03_bounded-pmin1e-05_epoch50_bs250_lr0.001_mon0.95_dp0.2_objective-channel_gradient-chan1.0-rayleigh-zf-tx1.0-noise1.0-kl1.0_perc-pri0.5_epoch-pri70_bs-pri250_lr-pri0.005_mom-pri0.99_dp-pri0.2_seed7/bounds/rayleigh-zf-tx1.0-noise1.0_chan-layer4_mcsamples500_norm-frob_seed7_bounds.json
cnn-4,mnist,20,channel_norm,0.01,1.0,rayleigh_zf,,1.0,0.1,10.0,frob,0.06479999999999997,0.07320000000000004,0.008400000000000074,True,results/posterior/cnn-4_mnist_learnt_gaussian_sig0.03_bounded-pmin1e-05_epoch20_bs250_lr0.001_mon0.95_dp0.2_objective-channel_norm-chan0.01-rayleigh-zf-tx1.0-noise0.1-kl1.0_perc-pri0.5_epoch-pri70_bs-pri250_lr-pri0.005_mom-pri0.99_dp-pri0.2_seed7/bounds/rayleigh-zf-tx1.0-noise0.1_chan-layer2_mcsamples500_norm-frob_seed7_bounds.json
cnn-4,mnist,50,channel_gradient,0.01,0.1,rayleigh_zf,,1.0,0.1,10.0,frob,0.0685,0.08420000000000005,0.015700000000000047,True,results/posterior/cnn-4_mnist_learnt_gaussian_sig0.03_bounded-pmin1e-05_epoch50_bs250_lr0.001_mon0.95_dp0.2_objective-channel_gradient-chan0.01-rayleigh-zf-tx1.0-noise0.1-kl0.1_perc-pri0.5_epoch-pri70_bs-pri250_lr-pri0.005_mom-pri0.99_dp-pri0.2_seed7/bounds/rayleigh-zf-tx1.0-noise0.1_chan-layer2_mcsamples500_norm-frob_seed7_bounds.json
cnn-4,mnist,50,channel_gradient,0.1,0.1,rayleigh_zf,,1.0,1.0,0.0,frob,0.2652,0.3228,0.057599999999999985,False,results/posterior/cnn-4_mnist_learnt_gaussian_sig0.03_bounded-pmin1e-05_epoch50_bs250_lr0.001_mon0.95_dp0.2_objective-channel_gradient-chan0.1-rayleigh-zf-tx1.0-noise1.0-kl0.1_perc-pri0.5_epoch-pri70_bs-pri250_lr-pri0.005_mom-pri0.99_dp-pri0.2_seed7/bounds/rayleigh-zf-tx1.0-noise1.0_chan-layer2_mcsamples500_norm-frob_seed7_bounds.json
cnn-9,cifar10,20,channel_gradient,0.01,0.1,rayleigh_zf,,1.0,0.1,10.0,frob,0.3518,0.3813,0.02949999999999997,True,results/posterior/cnn-9_cifar10_learnt_gaussian_sig0.03_bounded-pmin1e-05_epoch20_bs250_lr0.001_mon0.95_dp0.2_objective-channel_gradient-chan0.01-rayleigh-zf-tx1.0-noise0.1-kl0.1_perc-pri0.5_epoch-pri70_bs-pri250_lr-pri0.005_mom-pri0.99_dp-pri0.2_seed7/bounds/rayleigh-zf-tx1.0-noise0.1_chan-layer4_mcsamples500_norm-frob_seed7_bounds.json
cnn-4,mnist,20,channel_norm,0.1,1.0,rayleigh_zf,,1.0,0.1,10.0,frob,0.06399999999999995,0.07320000000000004,0.009200000000000097,True,results/posterior/cnn-4_mnist_learnt_gaussian_sig0.03_bounded-pmin1e-05_epoch20_bs250_lr0.001_mon0.95_dp0.2_objective-channel_norm-chan0.1-rayleigh-zf-tx1.0-noise0.1-kl1.0_perc-pri0.5_epoch-pri70_bs-pri250_lr-pri0.005_mom-pri0.99_dp-pri0.2_seed7/bounds/rayleigh-zf-tx1.0-noise0.1_chan-layer2_mcsamples500_norm-frob_seed7_bounds.json
fcn-4,mnist,50,channel_gradient,0.01,0.1,rayleigh_zf,,1.0,1.0,0.0,frob,0.09570000000000001,0.11240000000000006,0.016700000000000048,True,results/posterior/fcn-4_mnist_learnt_gaussian_sig0.03_bounded-pmin1e-05_epoch50_bs250_lr0.001_mon0.95_dp0.2_objective-channel_gradient-chan0.01-rayleigh-zf-tx1.0-noise1.0-kl0.1_perc-pri0.5_epoch-pri20_bs-pri250_lr-pri0.005_mom-pri0.99_dp-pri0.2_seed7/bounds/rayleigh-zf-tx1.0-noise1.0_chan-layer2_mcsamples500_norm-frob_seed7_bounds.json
cnn-4,mnist,50,channel_gradient,0.1,1.0,rayleigh_zf,,1.0,1.0,0.0,frob,0.26349999999999996,0.3228,0.05930000000000002,False,results/posterior/cnn-4_mnist_learnt_gaussian_sig0.03_bounded-pmin1e-05_epoch50_bs250_lr0.001_mon0.95_dp0.2_objective-channel_gradient-chan0.1-rayleigh-zf-tx1.0-noise1.0-kl1.0_perc-pri0.5_epoch-pri70_bs-pri250_lr-pri0.005_mom-pri0.99_dp-pri0.2_seed7/bounds/rayleigh-zf-tx1.0-noise1.0_chan-layer2_mcsamples500_norm-frob_seed7_bounds.json
cnn-4,mnist,30,channel_gradient,1.0,1.0,rayleigh_zf,,1.0,0.1,10.0,frob,0.06679999999999997,0.08220000000000005,0.01540000000000008,True,results/posterior/cnn-4_mnist_learnt_gaussian_sig0.03_bounded-pmin1e-05_epoch30_bs250_lr0.001_mon0.95_dp0.2_objective-channel_gradient-chan1.0-rayleigh-zf-tx1.0-noise0.1-kl1.0_perc-pri0.5_epoch-pri70_bs-pri250_lr-pri0.005_mom-pri0.99_dp-pri0.2_seed7/bounds/rayleigh-zf-tx1.0-noise0.1_chan-layer2_mcsamples500_norm-frob_seed7_bounds.json
cnn-9,cifar10,20,channel_gradient,1.0,0.1,rayleigh_zf,,1.0,0.1,10.0,frob,0.3591,0.3813,0.022199999999999998,True,results/posterior/cnn-9_cifar10_learnt_gaussian_sig0.03_bounded-pmin1e-05_epoch20_bs250_lr0.001_mon0.95_dp0.2_objective-channel_gradient-chan1.0-rayleigh-zf-tx1.0-noise0.1-kl0.1_perc-pri0.5_epoch-pri70_bs-pri250_lr-pri0.005_mom-pri0.99_dp-pri0.2_seed7/bounds/rayleigh-zf-tx1.0-noise0.1_chan-layer4_mcsamples500_norm-frob_seed7_bounds.json
cnn-4,mnist,10,channel_gradient,1.0,1.0,rayleigh_zf,,1.0,1.0,0.0,frob,0.27159999999999995,0.2764,0.0048000000000000265,False,results/posterior/cnn-4_mnist_learnt_gaussian_sig0.03_bounded-pmin1e-05_epoch10_bs250_lr0.001_mon0.95_dp0.2_objective-channel_gradient-chan1.0-rayleigh-zf-tx1.0-noise1.0-kl1.0_perc-pri0.5_epoch-pri70_bs-pri250_lr-pri0.005_mom-pri0.99_dp-pri0.2_seed7/bounds/rayleigh-zf-tx1.0-noise1.0_chan-layer2_mcsamples500_norm-frob_seed7_bounds.json
cnn-4,mnist,50,channel_norm,0.1,1.0,rayleigh_zf,,1.0,1.0,0.0,frob,0.2613,0.3228,0.0615,True,results/posterior/cnn-4_mnist_learnt_gaussian_sig0.03_bounded-pmin1e-05_epoch50_bs250_lr0.001_mon0.95_dp0.2_objective-channel_norm-chan0.1-rayleigh-zf-tx1.0-noise1.0-kl1.0_perc-pri0.5_epoch-pri70_bs-pri250_lr-pri0.005_mom-pri0.99_dp-pri0.2_seed7/bounds/rayleigh-zf-tx1.0-noise1.0_chan-layer2_mcsamples500_norm-frob_seed7_bounds.json
cnn-4,mnist,20,channel_gradient,0.01,0.01,rayleigh_zf,,1.0,0.1,10.0,frob,0.07040000000000002,0.07320000000000004,0.0028000000000000247,True,results/posterior/cnn-4_mnist_learnt_gaussian_sig0.03_bounded-pmin1e-05_epoch20_bs250_lr0.001_mon0.95_dp0.2_objective-channel_gradient-chan0.01-rayleigh-zf-tx1.0-noise0.1-kl0.01_perc-pri0.5_epoch-pri70_bs-pri250_lr-pri0.005_mom-pri0.99_dp-pri0.2_seed7/bounds/rayleigh-zf-tx1.0-noise0.1_chan-layer2_mcsamples500_norm-frob_seed7_bounds.json
fcn-4,mnist,20,channel_gradient,1.0,1.0,rayleigh_zf,,1.0,1.0,0.0,frob,0.10189999999999999,0.10629999999999995,0.0043999999999999595,True,results/posterior/fcn-4_mnist_learnt_gaussian_sig0.03_bounded-pmin1e-05_epoch20_bs250_lr0.001_mon0.95_dp0.2_objective-channel_gradient-chan1.0-rayleigh-zf-tx1.0-noise1.0-kl1.0_perc-pri0.5_epoch-pri20_bs-pri250_lr-pri0.005_mom-pri0.99_dp-pri0.2_seed7/bounds/rayleigh-zf-tx1.0-noise1.0_chan-layer2_mcsamples500_norm-frob_seed7_bounds.json
fcn-4,mnist,20,channel_gradient,0.1,0.01,rayleigh_zf,,1.0,1.0,0.0,frob,0.1038,0.10629999999999995,0.0024999999999999467,True,results/posterior/fcn-4_mnist_learnt_gaussian_sig0.03_bounded-pmin1e-05_epoch20_bs250_lr0.001_mon0.95_dp0.2_objective-channel_gradient-chan0.1-rayleigh-zf-tx1.0-noise1.0-kl0.01_perc-pri0.5_epoch-pri20_bs-pri250_lr-pri0.005_mom-pri0.99_dp-pri0.2_seed7/bounds/rayleigh-zf-tx1.0-noise1.0_chan-layer2_mcsamples500_norm-frob_seed7_bounds.json
fcn-4,mnist,20,channel_gradient,1.0,0.1,rayleigh_zf,,1.0,1.0,0.0,frob,0.10209999999999997,0.10629999999999995,0.0041999999999999815,True,results/posterior/fcn-4_mnist_learnt_gaussian_sig0.03_bounded-pmin1e-05_epoch20_bs250_lr0.001_mon0.95_dp0.2_objective-channel_gradient-chan1.0-rayleigh-zf-tx1.0-noise1.0-kl0.1_perc-pri0.5_epoch-pri20_bs-pri250_lr-pri0.005_mom-pri0.99_dp-pri0.2_seed7/bounds/rayleigh-zf-tx1.0-noise1.0_chan-layer2_mcsamples500_norm-frob_seed7_bounds.json
cnn-4,mnist,10,channel_norm,0.01,0.1,rayleigh_zf,,1.0,0.1,10.0,frob,0.06410000000000005,0.06920000000000004,0.005099999999999993,True,results/posterior/cnn-4_mnist_learnt_gaussian_sig0.03_bounded-pmin1e-05_epoch10_bs250_lr0.001_mon0.95_dp0.2_objective-channel_norm-chan0.01-rayleigh-zf-tx1.0-noise0.1-kl0.1_perc-pri0.5_epoch-pri70_bs-pri250_lr-pri0.005_mom-pri0.99_dp-pri0.2_seed7/bounds/rayleigh-zf-tx1.0-noise0.1_chan-layer2_mcsamples500_norm-frob_seed7_bounds.json
cnn-9,cifar10,20,channel_gradient,1.0,0.1,rayleigh_zf,,1.0,1.0,0.0,frob,0.5763,0.5969,0.02059999999999995,True,results/posterior/cnn-9_cifar10_learnt_gaussian_sig0.03_bounded-pmin1e-05_epoch20_bs250_lr0.001_mon0.95_dp0.2_objective-channel_gradient-chan1.0-rayleigh-zf-tx1.0-noise1.0-kl0.1_perc-pri0.5_epoch-pri70_bs-pri250_lr-pri0.005_mom-pri0.99_dp-pri0.2_seed7/bounds/rayleigh-zf-tx1.0-noise1.0_chan-layer4_mcsamples500_norm-frob_seed7_bounds.json
cnn-4,mnist,50,channel_gradient,0.1,0.1,rayleigh_zf,,1.0,0.1,10.0,frob,0.06879999999999997,0.08420000000000005,0.01540000000000008,True,results/posterior/cnn-4_mnist_learnt_gaussian_sig0.03_bounded-pmin1e-05_epoch50_bs250_lr0.001_mon0.95_dp0.2_objective-channel_gradient-chan0.1-rayleigh-zf-tx1.0-noise0.1-kl0.1_perc-pri0.5_epoch-pri70_bs-pri250_lr-pri0.005_mom-pri0.99_dp-pri0.2_seed7/bounds/rayleigh-zf-tx1.0-noise0.1_chan-layer2_mcsamples500_norm-frob_seed7_bounds.json
cnn-9,cifar10,20,channel_gradient,1.0,1.0,rayleigh_zf,,1.0,0.1,10.0,frob,0.352,0.3813,0.029299999999999993,True,results/posterior/cnn-9_cifar10_learnt_gaussian_sig0.03_bounded-pmin1e-05_epoch20_bs250_lr0.001_mon0.95_dp0.2_objective-channel_gradient-chan1.0-rayleigh-zf-tx1.0-noise0.1-kl1.0_perc-pri0.5_epoch-pri70_bs-pri250_lr-pri0.005_mom-pri0.99_dp-pri0.2_seed7/bounds/rayleigh-zf-tx1.0-noise0.1_chan-layer4_mcsamples500_norm-frob_seed7_bounds.json
fcn-4,mnist,10,channel_norm,0.01,1.0,rayleigh_zf,,1.0,1.0,0.0,frob,0.09589999999999999,0.10240000000000005,0.006500000000000061,True,results/posterior/fcn-4_mnist_learnt_gaussian_sig0.03_bounded-pmin1e-05_epoch10_bs250_lr0.001_mon0.95_dp0.2_objective-channel_norm-chan0.01-rayleigh-zf-tx1.0-noise1.0-kl1.0_perc-pri0.5_epoch-pri20_bs-pri250_lr-pri0.005_mom-pri0.99_dp-pri0.2_seed7/bounds/rayleigh-zf-tx1.0-noise1.0_chan-layer2_mcsamples500_norm-frob_seed7_bounds.json
fcn-4,mnist,10,channel_norm,0.1,1.0,rayleigh_zf,,1.0,1.0,0.0,frob,0.0938,0.10240000000000005,0.008600000000000052,True,results/posterior/fcn-4_mnist_learnt_gaussian_sig0.03_bounded-pmin1e-05_epoch10_bs250_lr0.001_mon0.95_dp0.2_objective-channel_norm-chan0.1-rayleigh-zf-tx1.0-noise1.0-kl1.0_perc-pri0.5_epoch-pri20_bs-pri250_lr-pri0.005_mom-pri0.99_dp-pri0.2_seed7/bounds/rayleigh-zf-tx1.0-noise1.0_chan-layer2_mcsamples500_norm-frob_seed7_bounds.json
cnn-4,mnist,50,channel_gradient,0.1,0.1,bec,0.1,,,,frob,0.012700000000000045,0.012900000000000023,0.00019999999999997797,True,results/posterior/cnn-4_mnist_learnt_gaussian_sig0.03_bounded-pmin1e-05_epoch50_bs250_lr0.001_mon0.95_dp0.2_objective-channel_gradient-chan0.1-bec-outage0.1-kl0.1_perc-pri0.5_epoch-pri70_bs-pri250_lr-pri0.005_mom-pri0.99_dp-pri0.2_seed7/bounds/bec-outage0.1_chan-layer2_mcsamples500_norm-frob_seed7_bounds.json
cnn-4,mnist,10,channel_norm,0.1,1.0,rayleigh_zf,,1.0,0.1,10.0,frob,0.06420000000000003,0.06920000000000004,0.0050000000000000044,True,results/posterior/cnn-4_mnist_learnt_gaussian_sig0.03_bounded-pmin1e-05_epoch10_bs250_lr0.001_mon0.95_dp0.2_objective-channel_norm-chan0.1-rayleigh-zf-tx1.0-noise0.1-kl1.0_perc-pri0.5_epoch-pri70_bs-pri250_lr-pri0.005_mom-pri0.99_dp-pri0.2_seed7/bounds/rayleigh-zf-tx1.0-noise0.1_chan-layer2_mcsamples500_norm-frob_seed7_bounds.json
cnn-4,mnist,50,channel_gradient,1.0,0.1,rayleigh_zf,,1.0,0.1,10.0,frob,0.07020000000000004,0.08420000000000005,0.014000000000000012,True,results/posterior/cnn-4_mnist_learnt_gaussian_sig0.03_bounded-pmin1e-05_epoch50_bs250_lr0.001_mon0.95_dp0.2_objective-channel_gradient-chan1.0-rayleigh-zf-tx1.0-noise0.1-kl0.1_perc-pri0.5_epoch-pri70_bs-pri250_lr-pri0.005_mom-pri0.99_dp-pri0.2_seed7/bounds/rayleigh-zf-tx1.0-noise0.1_chan-layer2_mcsamples500_norm-frob_seed7_bounds.json
cnn-9,cifar10,20,channel_gradient,0.01,0.01,rayleigh_zf,,1.0,1.0,0.0,frob,0.5464,0.5969,0.05049999999999999,True,results/posterior/cnn-9_cifar10_learnt_gaussian_sig0.03_bounded-pmin1e-05_epoch20_bs250_lr0.001_mon0.95_dp0.2_objective-channel_gradient-chan0.01-rayleigh-zf-tx1.0-noise1.0-kl0.01_perc-pri0.5_epoch-pri70_bs-pri250_lr-pri0.005_mom-pri0.99_dp-pri0.2_seed7/bounds/rayleigh-zf-tx1.0-noise1.0_chan-layer4_mcsamples500_norm-frob_seed7_bounds.json
cnn-4,mnist,30,channel_gradient,0.01,0.1,bec,0.5,,,,frob,0.01759999999999995,0.019499999999999962,0.0019000000000000128,True,results/posterior/cnn-4_mnist_learnt_gaussian_sig0.03_bounded-pmin1e-05_epoch30_bs250_lr0.001_mon0.95_dp0.2_objective-channel_gradient-chan0.01-bec-outage0.5-kl0.1_perc-pri0.5_epoch-pri70_bs-pri250_lr-pri0.005_mom-pri0.99_dp-pri0.2_seed7/bounds/bec-outage0.5_chan-layer2_mcsamples500_norm-frob_seed7_bounds.json
cnn-4,mnist,50,channel_gradient,0.01,0.01,rayleigh_zf,,1.0,1.0,0.0,frob,0.27290000000000003,0.3228,0.049899999999999944,False,results/posterior/cnn-4_mnist_learnt_gaussian_sig0.03_bounded-pmin1e-05_epoch50_bs250_lr0.001_mon0.95_dp0.2_objective-channel_gradient-chan0.01-rayleigh-zf-tx1.0-noise1.0-kl0.01_perc-pri0.5_epoch-pri70_bs-pri250_lr-pri0.005_mom-pri0.99_dp-pri0.2_seed7/bounds/rayleigh-zf-tx1.0-noise1.0_chan-layer2_mcsamples500_norm-frob_seed7_bounds.json
fcn-4,mnist,10,channel_gradient,1.0,0.01,bec,0.1,,,,frob,0.022199999999999998,0.02629999999999999,0.0040999999999999925,True,results/posterior/fcn-4_mnist_learnt_gaussian_sig0.03_bounded-pmin1e-05_epoch10_bs250_lr0.001_mon0.95_dp0.2_objective-channel_gradient-chan1.0-bec-outage0.1-kl0.01_perc-pri0.5_epoch-pri20_bs-pri250_lr-pri0.005_mom-pri0.99_dp-pri0.2_seed7/bounds/bec-outage0.1_chan-layer2_mcsamples500_norm-frob_seed7_bounds.json
fcn-4,mnist,10,channel_gradient,0.1,0.01,bec,0.1,,,,frob,0.025699999999999945,0.02629999999999999,0.0006000000000000449,True,results/posterior/fcn-4_mnist_learnt_gaussian_sig0.03_bounded-pmin1e-05_epoch10_bs250_lr0.001_mon0.95_dp0.2_objective-channel_gradient-chan0.1-bec-outage0.1-kl0.01_perc-pri0.5_epoch-pri20_bs-pri250_lr-pri0.005_mom-pri0.99_dp-pri0.2_seed7/bounds/bec-outage0.1_chan-layer2_mcsamples500_norm-frob_seed7_bounds.json
cnn-9,cifar10,10,channel_gradient,1.0,1.0,rayleigh_zf,,1.0,0.1,10.0,frob,0.3559,0.3752,0.019299999999999984,True,results/posterior/cnn-9_cifar10_learnt_gaussian_sig0.03_bounded-pmin1e-05_epoch10_bs250_lr0.001_mon0.95_dp0.2_objective-channel_gradient-chan1.0-rayleigh-zf-tx1.0-noise0.1-kl1.0_perc-pri0.5_epoch-pri70_bs-pri250_lr-pri0.005_mom-pri0.99_dp-pri0.2_seed7/bounds/rayleigh-zf-tx1.0-noise0.1_chan-layer4_mcsamples500_norm-frob_seed7_bounds.json
fcn-4,mnist,50,channel_gradient,1.0,1.0,rayleigh_zf,,1.0,1.0,0.0,frob,0.09599999999999997,0.11240000000000006,0.01640000000000008,True,results/posterior/fcn-4_mnist_learnt_gaussian_sig0.03_bounded-pmin1e-05_epoch50_bs250_lr0.001_mon0.95_dp0.2_objective-channel_gradient-chan1.0-rayleigh-zf-tx1.0-noise1.0-kl1.0_perc-pri0.5_epoch-pri20_bs-pri250_lr-pri0.005_mom-pri0.99_dp-pri0.2_seed7/bounds/rayleigh-zf-tx1.0-noise1.0_chan-layer2_mcsamples500_norm-frob_seed7_bounds.json
cnn-4,mnist,10,channel_gradient,0.01,1.0,rayleigh_zf,,1.0,0.1,10.0,frob,0.06720000000000004,0.06920000000000004,0.0020000000000000018,True,results/posterior/cnn-4_mnist_learnt_gaussian_sig0.03_bounded-pmin1e-05_epoch10_bs250_lr0.001_mon0.95_dp0.2_objective-channel_gradient-chan0.01-rayleigh-zf-tx1.0-noise0.1-kl1.0_perc-pri0.5_epoch-pri70_bs-pri250_lr-pri0.005_mom-pri0.99_dp-pri0.2_seed7/bounds/rayleigh-zf-tx1.0-noise0.1_chan-layer2_mcsamples500_norm-frob_seed7_bounds.json
fcn-4,mnist,20,channel_norm,0.01,1.0,rayleigh_zf,,1.0,1.0,0.0,frob,0.10240000000000005,0.10629999999999995,0.0038999999999999035,True,results/posterior/fcn-4_mnist_learnt_gaussian_sig0.03_bounded-pmin1e-05_epoch20_bs250_lr0.001_mon0.95_dp0.2_objective-channel_norm-chan0.01-rayleigh-zf-tx1.0-noise1.0-kl1.0_perc-pri0.5_epoch-pri20_bs-pri250_lr-pri0.005_mom-pri0.99_dp-pri0.2_seed7/bounds/rayleigh-zf-tx1.0-noise1.0_chan-layer2_mcsamples500_norm-frob_seed7_bounds.json
fcn-4,mnist,50,channel_gradient,0.1,1.0,rayleigh_zf,,1.0,1.0,0.0,frob,0.09660000000000002,0.11240000000000006,0.015800000000000036,True,results/posterior/fcn-4_mnist_learnt_gaussian_sig0.03_bounded-pmin1e-05_epoch50_bs250_lr0.001_mon0.95_dp0.2_objective-channel_gradient-chan0.1-rayleigh-zf-tx1.0-noise1.0-kl1.0_perc-pri0.5_epoch-pri20_bs-pri250_lr-pri0.005_mom-pri0.99_dp-pri0.2_seed7/bounds/rayleigh-zf-tx1.0-noise1.0_chan-layer2_mcsamples500_norm-frob_seed7_bounds.json
cnn-4,mnist,30,channel_gradient,0.1,0.01,bec,0.1,,,,frob,0.012599999999999945,0.013299999999999979,0.0007000000000000339,True,results/posterior/cnn-4_mnist_learnt_gaussian_sig0.03_bounded-pmin1e-05_epoch30_bs250_lr0.001_mon0.95_dp0.2_objective-channel_gradient-chan0.1-bec-outage0.1-kl0.01_perc-pri0.5_epoch-pri70_bs-pri250_lr-pri0.005_mom-pri0.99_dp-pri0.2_seed7/bounds/bec-outage0.1_chan-layer2_mcsamples500_norm-frob_seed7_bounds.json
cnn-4,mnist,30,channel_gradient,1.0,0.01,rayleigh_zf,,1.0,0.1,10.0,frob,0.08209999999999995,0.08220000000000005,0.00010000000000010001,True,results/posterior/cnn-4_mnist_learnt_gaussian_sig0.03_bounded-pmin1e-05_epoch30_bs250_lr0.001_mon0.95_dp0.2_objective-channel_gradient-chan1.0-rayleigh-zf-tx1.0-noise0.1-kl0.01_perc-pri0.5_epoch-pri70_bs-pri250_lr-pri0.005_mom-pri0.99_dp-pri0.2_seed7/bounds/rayleigh-zf-tx1.0-noise0.1_chan-layer2_mcsamples500_norm-frob_seed7_bounds.json
fcn-4,mnist,50,channel_gradient,1.0,0.1,rayleigh_zf,,1.0,1.0,0.0,frob,0.0978,0.11240000000000006,0.014600000000000057,True,results/posterior/fcn-4_mnist_learnt_gaussian_sig0.03_bounded-pmin1e-05_epoch50_bs250_lr0.001_mon0.95_dp0.2_objective-channel_gradient-chan1.0-rayleigh-zf-tx1.0-noise1.0-kl0.1_perc-pri0.5_epoch-pri20_bs-pri250_lr-pri0.005_mom-pri0.99_dp-pri0.2_seed7/bounds/rayleigh-zf-tx1.0-noise1.0_chan-layer2_mcsamples500_norm-frob_seed7_bounds.json
cnn-4,mnist,30,channel_norm,0.1,1.0,rayleigh_zf,,1.0,0.1,10.0,frob,0.06220000000000003,0.08220000000000005,0.020000000000000018,True,results/posterior/cnn-4_mnist_learnt_gaussian_sig0.03_bounded-pmin1e-05_epoch30_bs250_lr0.001_mon0.95_dp0.2_objective-channel_norm-chan0.1-rayleigh-zf-tx1.0-noise0.1-kl1.0_perc-pri0.5_epoch-pri70_bs-pri250_lr-pri0.005_mom-pri0.99_dp-pri0.2_seed7/bounds/rayleigh-zf-tx1.0-noise0.1_chan-layer2_mcsamples500_norm-frob_seed7_bounds.json
cnn-9,cifar10,20,channel_gradient,0.1,0.1,rayleigh_zf,,1.0,0.1,10.0,frob,0.3528,0.3813,0.02849999999999997,True,results/posterior/cnn-9_cifar10_learnt_gaussian_sig0.03_bounded-pmin1e-05_epoch20_bs250_lr0.001_mon0.95_dp0.2_objective-channel_gradient-chan0.1-rayleigh-zf-tx1.0-noise0.1-kl0.1_perc-pri0.5_epoch-pri70_bs-pri250_lr-pri0.005_mom-pri0.99_dp-pri0.2_seed7/bounds/rayleigh-zf-tx1.0-noise0.1_chan-layer4_mcsamples500_norm-frob_seed7_bounds.json
cnn-9,cifar10,10,channel_gradient,1.0,0.1,bec,0.1,,,,frob,0.2865,0.2921,0.005600000000000049,True,results/posterior/cnn-9_cifar10_learnt_gaussian_sig0.03_bounded-pmin1e-05_epoch10_bs250_lr0.001_mon0.95_dp0.2_objective-channel_gradient-chan1.0-bec-outage0.1-kl0.1_perc-pri0.5_epoch-pri70_bs-pri250_lr-pri0.005_mom-pri0.99_dp-pri0.2_seed7/bounds/bec-outage0.1_chan-layer4_mcsamples500_norm-frob_seed7_bounds.json
cnn-4,mnist,50,channel_gradient,0.01,1.0,rayleigh_zf,,1.0,0.1,10.0,frob,0.06840000000000002,0.08420000000000005,0.015800000000000036,True,results/posterior/cnn-4_mnist_learnt_gaussian_sig0.03_bounded-pmin1e-05_epoch50_bs250_lr0.001_mon0.95_dp0.2_objective-channel_gradient-chan0.01-rayleigh-zf-tx1.0-noise0.1-kl1.0_perc-pri0.5_epoch-pri70_bs-pri250_lr-pri0.005_mom-pri0.99_dp-pri0.2_seed7/bounds/rayleigh-zf-tx1.0-noise0.1_chan-layer2_mcsamples500_norm-frob_seed7_bounds.json
cnn-4,mnist,20,channel_gradient,0.1,1.0,rayleigh_zf,,1.0,0.1,10.0,frob,0.06799999999999995,0.07320000000000004,0.0052000000000000934,True,results/posterior/cnn-4_mnist_learnt_gaussian_sig0.03_bounded-pmin1e-05_epoch20_bs250_lr0.001_mon0.95_dp0.2_objective-channel_gradient-chan0.1-rayleigh-zf-tx1.0-noise0.1-kl1.0_perc-pri0.5_epoch-pri70_bs-pri250_lr-pri0.005_mom-pri0.99_dp-pri0.2_seed7/bounds/rayleigh-zf-tx1.0-noise0.1_chan-layer2_mcsamples500_norm-frob_seed7_bounds.json
cnn-4,mnist,10,channel_gradient,1.0,1.0,rayleigh_zf,,1.0,0.1,10.0,frob,0.06730000000000003,0.06920000000000004,0.0019000000000000128,True,results/posterior/cnn-4_mnist_learnt_gaussian_sig0.03_bounded-pmin1e-05_epoch10_bs250_lr0.001_mon0.95_dp0.2_objective-channel_gradient-chan1.0-rayleigh-zf-tx1.0-noise0.1-kl1.0_perc-pri0.5_epoch-pri70_bs-pri250_lr-pri0.005_mom-pri0.99_dp-pri0.2_seed7/bounds/rayleigh-zf-tx1.0-noise0.1_chan-layer2_mcsamples500_norm-frob_seed7_bounds.json
cnn-9,cifar10,10,channel_gradient,0.1,0.1,rayleigh_zf,,1.0,1.0,0.0,frob,0.5146999999999999,0.5798,0.06510000000000005,True,results/posterior/cnn-9_cifar10_learnt_gaussian_sig0.03_bounded-pmin1e-05_epoch10_bs250_lr0.001_mon0.95_dp0.2_objective-channel_gradient-chan0.1-rayleigh-zf-tx1.0-noise1.0-kl0.1_perc-pri0.5_epoch-pri70_bs-pri250_lr-pri0.005_mom-pri0.99_dp-pri0.2_seed7/bounds/rayleigh-zf-tx1.0-noise1.0_chan-layer4_mcsamples500_norm-frob_seed7_bounds.json
cnn-4,mnist,20,channel_gradient,0.01,0.1,rayleigh_zf,,1.0,0.1,10.0,frob,0.06810000000000005,0.07320000000000004,0.005099999999999993,True,results/posterior/cnn-4_mnist_learnt_gaussian_sig0.03_bounded-pmin1e-05_epoch20_bs250_lr0.001_mon0.95_dp0.2_objective-channel_gradient-chan0.01-rayleigh-zf-tx1.0-noise0.1-kl0.1_perc-pri0.5_epoch-pri70_bs-pri250_lr-pri0.005_mom-pri0.99_dp-pri0.2_seed7/bounds/rayleigh-zf-tx1.0-noise0.1_chan-layer2_mcsamples500_norm-frob_seed7_bounds.json
cnn-4,mnist,20,channel_gradient,0.1,0.1,rayleigh_zf,,1.0,0.1,10.0,frob,0.06820000000000004,0.07320000000000004,0.0050000000000000044,True,results/posterior/cnn-4_mnist_learnt_gaussian_sig0.03_bounded-pmin1e-05_epoch20_bs250_lr0.001_mon0.95_dp0.2_objective-channel_gradient-chan0.1-rayleigh-zf-tx1.0-noise0.1-kl0.1_perc-pri0.5_epoch-pri70_bs-pri250_lr-pri0.005_mom-pri0.99_dp-pri0.2_seed7/bounds/rayleigh-zf-tx1.0-noise0.1_chan-layer2_mcsamples500_norm-frob_seed7_bounds.json
cnn-9,cifar10,10,channel_gradient,0.1,1.0,bec,0.5,,,,frob,0.33299999999999996,0.3418,0.00880000000000003,True,results/posterior/cnn-9_cifar10_learnt_gaussian_sig0.03_bounded-pmin1e-05_epoch10_bs250_lr0.001_mon0.95_dp0.2_objective-channel_gradient-chan0.1-bec-outage0.5-kl1.0_perc-pri0.5_epoch-pri70_bs-pri250_lr-pri0.005_mom-pri0.99_dp-pri0.2_seed7/bounds/bec-outage0.5_chan-layer4_mcsamples500_norm-frob_seed7_bounds.json
cnn-4,mnist,50,channel_norm,0.01,0.1,rayleigh_zf,,1.0,1.0,0.0,frob,0.26980000000000004,0.3228,0.052999999999999936,True,results/posterior/cnn-4_mnist_learnt_gaussian_sig0.03_bounded-pmin1e-05_epoch50_bs250_lr0.001_mon0.95_dp0.2_objective-channel_norm-chan0.01-rayleigh-zf-tx1.0-noise1.0-kl0.1_perc-pri0.5_epoch-pri70_bs-pri250_lr-pri0.005_mom-pri0.99_dp-pri0.2_seed7/bounds/rayleigh-zf-tx1.0-noise1.0_chan-layer2_mcsamples500_norm-frob_seed7_bounds.json
cnn-9,cifar10,20,channel_gradient,0.01,1.0,rayleigh_zf,,1.0,0.1,10.0,frob,0.35229999999999995,0.3813,0.029000000000000026,True,results/posterior/cnn-9_cifar10_learnt_gaussian_sig0.03_bounded-pmin1e-05_epoch20_bs250_lr0.001_mon0.95_dp0.2_objective-channel_gradient-chan0.01-rayleigh-zf-tx1.0-noise0.1-kl1.0_perc-pri0.5_epoch-pri70_bs-pri250_lr-pri0.005_mom-pri0.99_dp-pri0.2_seed7/bounds/rayleigh-zf-tx1.0-noise0.1_chan-layer4_mcsamples500_norm-frob_seed7_bounds.json
cnn-4,mnist,30,channel_gradient,1.0,1.0,rayleigh_zf,,1.0,1.0,0.0,frob,0.2639,0.3106,0.046699999999999964,False,results/posterior/cnn-4_mnist_learnt_gaussian_sig0.03_bounded-pmin1e-05_epoch30_bs250_lr0.001_mon0.95_dp0.2_objective-channel_gradient-chan1.0-rayleigh-zf-tx1.0-noise1.0-kl1.0_perc-pri0.5_epoch-pri70_bs-pri250_lr-pri0.005_mom-pri0.99_dp-pri0.2_seed7/bounds/rayleigh-zf-tx1.0-noise1.0_chan-layer2_mcsamples500_norm-frob_seed7_bounds.json
cnn-4,mnist,10,channel_norm,0.01,1.0,rayleigh_zf,,1.0,0.1,10.0,frob,0.06740000000000002,0.06920000000000004,0.0018000000000000238,True,results/posterior/cnn-4_mnist_learnt_gaussian_sig0.03_bounded-pmin1e-05_epoch10_bs250_lr0.001_mon0.95_dp0.2_objective-channel_norm-chan0.01-rayleigh-zf-tx1.0-noise0.1-kl1.0_perc-pri0.5_epoch-pri70_bs-pri250_lr-pri0.005_mom-pri0.99_dp-pri0.2_seed7/bounds/rayleigh-zf-tx1.0-noise0.1_chan-layer2_mcsamples500_norm-frob_seed7_bounds.json
cnn-4,mnist,20,channel_gradient,0.01,1.0,rayleigh_zf,,1.0,0.1,10.0,frob,0.06799999999999995,0.07320000000000004,0.0052000000000000934,True,results/posterior/cnn-4_mnist_learnt_gaussian_sig0.03_bounded-pmin1e-05_epoch20_bs250_lr0.001_mon0.95_dp0.2_objective-channel_gradient-chan0.01-rayleigh-zf-tx1.0-noise0.1-kl1.0_perc-pri0.5_epoch-pri70_bs-pri250_lr-pri0.005_mom-pri0.99_dp-pri0.2_seed7/bounds/rayleigh-zf-tx1.0-noise0.1_chan-layer2_mcsamples500_norm-frob_seed7_bounds.json
cnn-9,cifar10,50,channel_gradient,0.1,0.01,rayleigh_zf,,1.0,0.1,10.0,frob,0.36960000000000004,0.3829,0.013299999999999979,True,results/posterior/cnn-9_cifar10_learnt_gaussian_sig0.03_bounded-pmin1e-05_epoch50_bs250_lr0.001_mon0.95_dp0.2_objective-channel_gradient-chan0.1-rayleigh-zf-tx1.0-noise0.1-kl0.01_perc-pri0.5_epoch-pri70_bs-pri250_lr-pri0.005_mom-pri0.99_dp-pri0.2_seed7/bounds/rayleigh-zf-tx1.0-noise0.1_chan-layer4_mcsamples500_norm-frob_seed7_bounds.json
cnn-4,mnist,10,channel_gradient,0.1,1.0,rayleigh_zf,,1.0,1.0,0.0,frob,0.2692,0.2764,0.007199999999999984,False,results/posterior/cnn-4_mnist_learnt_gaussian_sig0.03_bounded-pmin1e-05_epoch10_bs250_lr0.001_mon0.95_dp0.2_objective-channel_gradient-chan0.1-rayleigh-zf-tx1.0-noise1.0-kl1.0_perc-pri0.5_epoch-pri70_bs-pri250_lr-pri0.005_mom-pri0.99_dp-pri0.2_seed7/bounds/rayleigh-zf-tx1.0-noise1.0_chan-layer2_mcsamples500_norm-frob_seed7_bounds.json
cnn-4,mnist,30,channel_gradient,0.01,0.1,rayleigh_zf,,1.0,0.1,10.0,frob,0.06699999999999995,0.08220000000000005,0.015200000000000102,True,results/posterior/cnn-4_mnist_learnt_gaussian_sig0.03_bounded-pmin1e-05_epoch30_bs250_lr0.001_mon0.95_dp0.2_objective-channel_gradient-chan0.01-rayleigh-zf-tx1.0-noise0.1-kl0.1_perc-pri0.5_epoch-pri70_bs-pri250_lr-pri0.005_mom-pri0.99_dp-pri0.2_seed7/bounds/rayleigh-zf-tx1.0-noise0.1_chan-layer2_mcsamples500_norm-frob_seed7_bounds.json
cnn-4,mnist,30,channel_gradient,0.01,0.01,rayleigh_zf,,1.0,1.0,0.0,frob,0.2733,0.3106,0.0373,False,results/posterior/cnn-4_mnist_learnt_gaussian_sig0.03_bounded-pmin1e-05_epoch30_bs250_lr0.001_mon0.95_dp0.2_objective-channel_gradient-chan0.01-rayleigh-zf-tx1.0-noise1.0-kl0.01_perc-pri0.5_epoch-pri70_bs-pri250_lr-pri0.005_mom-pri0.99_dp-pri0.2_seed7/bounds/rayleigh-zf-tx1.0-noise1.0_chan-layer2_mcsamples500_norm-frob_seed7_bounds.json
cnn-9,cifar10,10,channel_gradient,0.01,0.1,rayleigh_zf,,1.0,1.0,0.0,frob,0.5037,0.5798,0.07609999999999995,True,results/posterior/cnn-9_cifar10_learnt_gaussian_sig0.03_bounded-pmin1e-05_epoch10_bs250_lr0.001_mon0.95_dp0.2_objective-channel_gradient-chan0.01-rayleigh-zf-tx1.0-noise1.0-kl0.1_perc-pri0.5_epoch-pri70_bs-pri250_lr-pri0.005_mom-pri0.99_dp-pri0.2_seed7/bounds/rayleigh-zf-tx1.0-noise1.0_chan-layer4_mcsamples500_norm-frob_seed7_bounds.json
cnn-9,cifar10,20,channel_gradient,0.1,0.01,rayleigh_zf,,1.0,0.1,10.0,frob,0.36560000000000004,0.3813,0.015699999999999936,True,results/posterior/cnn-9_cifar10_learnt_gaussian_sig0.03_bounded-pmin1e-05_epoch20_bs250_lr0.001_mon0.95_dp0.2_objective-channel_gradient-chan0.1-rayleigh-zf-tx1.0-noise0.1-kl0.01_perc-pri0.5_epoch-pri70_bs-pri250_lr-pri0.005_mom-pri0.99_dp-pri0.2_seed7/bounds/rayleigh-zf-tx1.0-noise0.1_chan-layer4_mcsamples500_norm-frob_seed7_bounds.json
cnn-9,cifar10,20,channel_gradient,0.1,0.01,bec,0.1,,,,frob,0.2771,0.28290000000000004,0.005800000000000027,True,results/posterior/cnn-9_cifar10_learnt_gaussian_sig0.03_bounded-pmin1e-05_epoch20_bs250_lr0.001_mon0.95_dp0.2_objective-channel_gradient-chan0.1-bec-outage0.1-kl0.01_perc-pri0.5_epoch-pri70_bs-pri250_lr-pri0.005_mom-pri0.99_dp-pri0.2_seed7/bounds/bec-outage0.1_chan-layer4_mcsamples500_norm-frob_seed7_bounds.json
cnn-4,mnist,30,channel_gradient,1.0,0.01,bec,0.5,,,,frob,0.01759999999999995,0.019499999999999962,0.0019000000000000128,True,results/posterior/cnn-4_mnist_learnt_gaussian_sig0.03_bounded-pmin1e-05_epoch30_bs250_lr0.001_mon0.95_dp0.2_objective-channel_gradient-chan1.0-bec-outage0.5-kl0.01_perc-pri0.5_epoch-pri70_bs-pri250_lr-pri0.005_mom-pri0.99_dp-pri0.2_seed7/bounds/bec-outage0.5_chan-layer2_mcsamples500_norm-frob_seed7_bounds.json
cnn-4,mnist,50,channel_gradient,1.0,0.01,bec,0.5,,,,frob,0.016800000000000037,0.018299999999999983,0.0014999999999999458,True,results/posterior/cnn-4_mnist_learnt_gaussian_sig0.03_bounded-pmin1e-05_epoch50_bs250_lr0.001_mon0.95_dp0.2_objective-channel_gradient-chan1.0-bec-outage0.5-kl0.01_perc-pri0.5_epoch-pri70_bs-pri250_lr-pri0.005_mom-pri0.99_dp-pri0.2_seed7/bounds/bec-outage0.5_chan-layer2_mcsamples500_norm-frob_seed7_bounds.json
cnn-4,mnist,20,channel_gradient,1.0,0.1,rayleigh_zf,,1.0,0.1,10.0,frob,0.0695,0.07320000000000004,0.0037000000000000366,True,results/posterior/cnn-4_mnist_learnt_gaussian_sig0.03_bounded-pmin1e-05_epoch20_bs250_lr0.001_mon0.95_dp0.2_objective-channel_gradient-chan1.0-rayleigh-zf-tx1.0-noise0.1-kl0.1_perc-pri0.5_epoch-pri70_bs-pri250_lr-pri0.005_mom-pri0.99_dp-pri0.2_seed7/bounds/rayleigh-zf-tx1.0-noise0.1_chan-layer2_mcsamples500_norm-frob_seed7_bounds.json
cnn-9,cifar10,20,channel_gradient,0.1,1.0,bec,0.5,,,,frob,0.3335,0.33620000000000005,0.0027000000000000357,True,results/posterior/cnn-9_cifar10_learnt_gaussian_sig0.03_bounded-pmin1e-05_epoch20_bs250_lr0.001_mon0.95_dp0.2_objective-channel_gradient-chan0.1-bec-outage0.5-kl1.0_perc-pri0.5_epoch-pri70_bs-pri250_lr-pri0.005_mom-pri0.99_dp-pri0.2_seed7/bounds/bec-outage0.5_chan-layer4_mcsamples500_norm-frob_seed7_bounds.json
cnn-9,cifar10,20,channel_gradient,0.1,0.1,rayleigh_zf,,1.0,1.0,0.0,frob,0.5102,0.5969,0.0867,True,results/posterior/cnn-9_cifar10_learnt_gaussian_sig0.03_bounded-pmin1e-05_epoch20_bs250_lr0.001_mon0.95_dp0.2_objective-channel_gradient-chan0.1-rayleigh-zf-tx1.0-noise1.0-kl0.1_perc-pri0.5_epoch-pri70_bs-pri250_lr-pri0.005_mom-pri0.99_dp-pri0.2_seed7/bounds/rayleigh-zf-tx1.0-noise1.0_chan-layer4_mcsamples500_norm-frob_seed7_bounds.json
cnn-4,mnist,30,channel_gradient,0.1,0.01,bec,0.5,,,,frob,0.019199999999999995,0.019499999999999962,0.00029999999999996696,True,results/posterior/cnn-4_mnist_learnt_gaussian_sig0.03_bounded-pmin1e-05_epoch30_bs250_lr0.001_mon0.95_dp0.2_objective-channel_gradient-chan0.1-bec-outage0.5-kl0.01_perc-pri0.5_epoch-pri70_bs-pri250_lr-pri0.005_mom-pri0.99_dp-pri0.2_seed7/bounds/bec-outage0.5_chan-layer2_mcsamples500_norm-frob_seed7_bounds.json
cnn-4,mnist,50,channel_gradient,0.1,0.01,bec,0.1,,,,frob,0.011700000000000044,0.012900000000000023,0.0011999999999999789,True,results/posterior/cnn-4_mnist_learnt_gaussian_sig0.03_bounded-pmin1e-05_epoch50_bs250_lr0.001_mon0.95_dp0.2_objective-channel_gradient-chan0.1-bec-outage0.1-kl0.01_perc-pri0.5_epoch-pri70_bs-pri250_lr-pri0.005_mom-pri0.99_dp-pri0.2_seed7/bounds/bec-outage0.1_chan-layer2_mcsamples500_norm-frob_seed7_bounds.json
cnn-4,mnist,20,channel_gradient,1.0,0.01,bec,0.1,,,,frob,0.012599999999999945,0.01319999999999999,0.0006000000000000449,True,results/posterior/cnn-4_mnist_learnt_gaussian_sig0.03_bounded-pmin1e-05_epoch20_bs250_lr0.001_mon0.95_dp0.2_objective-channel_gradient-chan1.0-bec-outage0.1-kl0.01_perc-pri0.5_epoch-pri70_bs-pri250_lr-pri0.005_mom-pri0.99_dp-pri0.2_seed7/bounds/bec-outage0.1_chan-layer2_mcsamples500_norm-frob_seed7_bounds.json
cnn-9,cifar10,10,channel_gradient,0.01,1.0,bec,0.5,,,,frob,0.3348,0.3418,0.007000000000000006,True,results/posterior/cnn-9_cifar10_learnt_gaussian_sig0.03_bounded-pmin1e-05_epoch10_bs250_lr0.001_mon0.95_dp0.2_objective-channel_gradient-chan0.01-bec-outage0.5-kl1.0_perc-pri0.5_epoch-pri70_bs-pri250_lr-pri0.005_mom-pri0.99_dp-pri0.2_seed7/bounds/bec-outage0.5_chan-layer4_mcsamples500_norm-frob_seed7_bounds.json
cnn-4,mnist,30,channel_gradient,0.01,1.0,rayleigh_zf,,1.0,0.1,10.0,frob,0.06659999999999999,0.08220000000000005,0.015600000000000058,True,results/posterior/cnn-4_mnist_learnt_gaussian_sig0.03_bounded-pmin1e-05_epoch30_bs250_lr0.001_mon0.95_dp0.2_objective-channel_gradient-chan0.01-rayleigh-zf-tx1.0-noise0.1-kl1.0_perc-pri0.5_epoch-pri70_bs-pri250_lr-pri0.005_mom-pri0.99_dp-pri0.2_seed7/bounds/rayleigh-zf-tx1.0-noise0.1_chan-layer2_mcsamples500_norm-frob_seed7_bounds.json
cnn-9,cifar10,10,channel_gradient,0.01,0.01,rayleigh_zf,,1.0,0.1,10.0,frob,0.364,0.3752,0.011199999999999988,True,results/posterior/cnn-9_cifar10_learnt_gaussian_sig0.03_bounded-pmin1e-05_epoch10_bs250_lr0.001_mon0.95_dp0.2_objective-channel_gradient-chan0.01-rayleigh-zf-tx1.0-noise0.1-kl0.01_perc-pri0.5_epoch-pri70_bs-pri250_lr-pri0.005_mom-pri0.99_dp-pri0.2_seed7/bounds/rayleigh-zf-tx1.0-noise0.1_chan-layer4_mcsamples500_norm-frob_seed7_bounds.json
cnn-4,mnist,20,channel_gradient,0.1,0.1,rayleigh_zf,,1.0,1.0,0.0,frob,0.268,0.28959999999999997,0.021599999999999953,False,results/posterior/cnn-4_mnist_learnt_gaussian_sig0.03_bounded-pmin1e-05_epoch20_bs250_lr0.001_mon0.95_dp0.2_objective-channel_gradient-chan0.1-rayleigh-zf-tx1.0-noise1.0-kl0.1_perc-pri0.5_epoch-pri70_bs-pri250_lr-pri0.005_mom-pri0.99_dp-pri0.2_seed7/bounds/rayleigh-zf-tx1.0-noise1.0_chan-layer2_mcsamples500_norm-frob_seed7_bounds.json
cnn-4,mnist,30,channel_gradient,0.1,1.0,rayleigh_zf,,1.0,1.0,0.0,frob,0.2623,0.3106,0.04830000000000001,False,results/posterior/cnn-4_mnist_learnt_gaussian_sig0.03_bounded-pmin1e-05_epoch30_bs250_lr0.001_mon0.95_dp0.2_objective-channel_gradient-chan0.1-rayleigh-zf-tx1.0-noise1.0-kl1.0_perc-pri0.5_epoch-pri70_bs-pri250_lr-pri0.005_mom-pri0.99_dp-pri0.2_seed7/bounds/rayleigh-zf-tx1.0-noise1.0_chan-layer2_mcsamples500_norm-frob_seed7_bounds.json
cnn-4,mnist,30,channel_gradient,0.1,0.1,rayleigh_zf,,1.0,1.0,0.0,frob,0.2662,0.3106,0.044399999999999995,False,results/posterior/cnn-4_mnist_learnt_gaussian_sig0.03_bounded-pmin1e-05_epoch30_bs250_lr0.001_mon0.95_dp0.2_objective-channel_gradient-chan0.1-rayleigh-zf-tx1.0-noise1.0-kl0.1_perc-pri0.5_epoch-pri70_bs-pri250_lr-pri0.005_mom-pri0.99_dp-pri0.2_seed7/bounds/rayleigh-zf-tx1.0-noise1.0_chan-layer2_mcsamples500_norm-frob_seed7_bounds.json
cnn-9,cifar10,10,channel_gradient,0.1,1.0,rayleigh_zf,,1.0,1.0,0.0,frob,0.499,0.5798,0.08079999999999998,True,results/posterior/cnn-9_cifar10_learnt_gaussian_sig0.03_bounded-pmin1e-05_epoch10_bs250_lr0.001_mon0.95_dp0.2_objective-channel_gradient-chan0.1-rayleigh-zf-tx1.0-noise1.0-kl1.0_perc-pri0.5_epoch-pri70_bs-pri250_lr-pri0.005_mom-pri0.99_dp-pri0.2_seed7/bounds/rayleigh-zf-tx1.0-noise1.0_chan-layer4_mcsamples500_norm-frob_seed7_bounds.json
cnn-4,mnist,30,channel_gradient,1.0,0.01,bec,0.1,,,,frob,0.011299999999999977,0.013299999999999979,0.0020000000000000018,True,results/posterior/cnn-4_mnist_learnt_gaussian_sig0.03_bounded-pmin1e-05_epoch30_bs250_lr0.001_mon0.95_dp0.2_objective-channel_gradient-chan1.0-bec-outage0.1-kl0.01_perc-pri0.5_epoch-pri70_bs-pri250_lr-pri0.005_mom-pri0.99_dp-pri0.2_seed7/bounds/bec-outage0.1_chan-layer2_mcsamples500_norm-frob_seed7_bounds.json
fcn-4,mnist,50,channel_gradient,0.1,0.01,rayleigh_zf,,1.0,1.0,0.0,frob,0.09689999999999999,0.11240000000000006,0.01550000000000007,True,results/posterior/fcn-4_mnist_learnt_gaussian_sig0.03_bounded-pmin1e-05_epoch50_bs250_lr0.001_mon0.95_dp0.2_objective-channel_gradient-chan0.1-rayleigh-zf-tx1.0-noise1.0-kl0.01_perc-pri0.5_epoch-pri20_bs-pri250_lr-pri0.005_mom-pri0.99_dp-pri0.2_seed7/bounds/rayleigh-zf-tx1.0-noise1.0_chan-layer2_mcsamples500_norm-frob_seed7_bounds.json
cnn-4,mnist,10,channel_gradient,0.1,0.01,bec,0.1,,,,frob,0.012199999999999989,0.013499999999999956,0.0012999999999999678,True,results/posterior/cnn-4_mnist_learnt_gaussian_sig0.03_bounded-pmin1e-05_epoch10_bs250_lr0.001_mon0.95_dp0.2_objective-channel_gradient-chan0.1-bec-outage0.1-kl0.01_perc-pri0.5_epoch-pri70_bs-pri250_lr-pri0.005_mom-pri0.99_dp-pri0.2_seed7/bounds/bec-outage0.1_chan-layer2_mcsamples500_norm-frob_seed7_bounds.json
cnn-4,mnist,50,channel_gradient,1.0,1.0,rayleigh_zf,,1.0,1.0,0.0,frob,0.26480000000000004,0.3228,0.05799999999999994,False,results/posterior/cnn-4_mnist_learnt_gaussian_sig0.03_bounded-pmin1e-05_epoch50_bs250_lr0.001_mon0.95_dp0.2_objective-channel_gradient-chan1.0-rayleigh-zf-tx1.0-noise1.0-kl1.0_perc-pri0.5_epoch-pri70_bs-pri250_lr-pri0.005_mom-pri0.99_dp-pri0.2_seed7/bounds/rayleigh-zf-tx1.0-noise1.0_chan-layer2_mcsamples500_norm-frob_seed7_bounds.json
cnn-4,mnist,30,channel_norm,0.01,0.1,rayleigh_zf,,1.0,1.0,0.0,frob,0.2693,0.3106,0.0413,True,results/posterior/cnn-4_mnist_learnt_gaussian_sig0.03_bounded-pmin1e-05_epoch30_bs250_lr0.001_mon0.95_dp0.2_objective-channel_norm-chan0.01-rayleigh-zf-tx1.0-noise1.0-kl0.1_perc-pri0.5_epoch-pri70_bs-pri250_lr-pri0.005_mom-pri0.99_dp-pri0.2_seed7/bounds/rayleigh-zf-tx1.0-noise1.0_chan-layer2_mcsamples500_norm-frob_seed7_bounds.json
cnn-4,mnist,50,channel_gradient,0.1,0.01,rayleigh_zf,,1.0,1.0,0.0,frob,0.2893,0.3228,0.033499999999999974,False,results/posterior/cnn-4_mnist_learnt_gaussian_sig0.03_bounded-pmin1e-05_epoch50_bs250_lr0.001_mon0.95_dp0.2_objective-channel_gradient-chan0.1-rayleigh-zf-tx1.0-noise1.0-kl0.01_perc-pri0.5_epoch-pri70_bs-pri250_lr-pri0.005_mom-pri0.99_dp-pri0.2_seed7/bounds/rayleigh-zf-tx1.0-noise1.0_chan-layer2_mcsamples500_norm-frob_seed7_bounds.json
fcn-4,mnist,20,channel_gradient,0.01,1.0,rayleigh_zf,,1.0,1.0,0.0,frob,0.10270000000000001,0.10629999999999995,0.0035999999999999366,True,results/posterior/fcn-4_mnist_learnt_gaussian_sig0.03_bounded-pmin1e-05_epoch20_bs250_lr0.001_mon0.95_dp0.2_objective-channel_gradient-chan0.01-rayleigh-zf-tx1.0-noise1.0-kl1.0_perc-pri0.5_epoch-pri20_bs-pri250_lr-pri0.005_mom-pri0.99_dp-pri0.2_seed7/bounds/rayleigh-zf-tx1.0-noise1.0_chan-layer2_mcsamples500_norm-frob_seed7_bounds.json
cnn-4,mnist,10,channel_gradient,0.1,0.1,rayleigh_zf,,1.0,1.0,0.0,frob,0.2722,0.2764,0.0041999999999999815,False,results/posterior/cnn-4_mnist_learnt_gaussian_sig0.03_bounded-pmin1e-05_epoch10_bs250_lr0.001_mon0.95_dp0.2_objective-channel_gradient-chan0.1-rayleigh-zf-tx1.0-noise1.0-kl0.1_perc-pri0.5_epoch-pri70_bs-pri250_lr-pri0.005_mom-pri0.99_dp-pri0.2_seed7/bounds/rayleigh-zf-tx1.0-noise1.0_chan-layer2_mcsamples500_norm-frob_seed7_bounds.json
cnn-4,mnist,10,channel_gradient,0.01,0.1,rayleigh_zf,,1.0,0.1,10.0,frob,0.06740000000000002,0.06920000000000004,0.0018000000000000238,True,results/posterior/cnn-4_mnist_learnt_gaussian_sig0.03_bounded-pmin1e-05_epoch10_bs250_lr0.001_mon0.95_dp0.2_objective-channel_gradient-chan0.01-rayleigh-zf-tx1.0-noise0.1-kl0.1_perc-pri0.5_epoch-pri70_bs-pri250_lr-pri0.005_mom-pri0.99_dp-pri0.2_seed7/bounds/rayleigh-zf-tx1.0-noise0.1_chan-layer2_mcsamples500_norm-frob_seed7_bounds.json
cnn-9,cifar10,50,channel_gradient,0.01,0.01,rayleigh_zf,,1.0,1.0,0.0,frob,0.5423,0.6052,0.06289999999999996,True,results/posterior/cnn-9_cifar10_learnt_gaussian_sig0.03_bounded-pmin1e-05_epoch50_bs250_lr0.001_mon0.95_dp0.2_objective-channel_gradient-chan0.01-rayleigh-zf-tx1.0-noise1.0-kl0.01_perc-pri0.5_epoch-pri70_bs-pri250_lr-pri0.005_mom-pri0.99_dp-pri0.2_seed7/bounds/rayleigh-zf-tx1.0-noise1.0_chan-layer4_mcsamples500_norm-frob_seed7_bounds.json
cnn-4,mnist,30,channel_gradient,0.01,0.1,rayleigh_zf,,1.0,1.0,0.0,frob,0.26359999999999995,0.3106,0.04700000000000004,False,results/posterior/cnn-4_mnist_learnt_gaussian_sig0.03_bounded-pmin1e-05_epoch30_bs250_lr0.001_mon0.95_dp0.2_objective-channel_gradient-chan0.01-rayleigh-zf-tx1.0-noise1.0-kl0.1_perc-pri0.5_epoch-pri70_bs-pri250_lr-pri0.005_mom-pri0.99_dp-pri0.2_seed7/bounds/rayleigh-zf-tx1.0-noise1.0_chan-layer2_mcsamples500_norm-frob_seed7_bounds.json
cnn-9,cifar10,10,channel_gradient,1.0,0.1,rayleigh_zf,,1.0,0.1,10.0,frob,0.3637,0.3752,0.011499999999999955,True,results/posterior/cnn-9_cifar10_learnt_gaussian_sig0.03_bounded-pmin1e-05_epoch10_bs250_lr0.001_mon0.95_dp0.2_objective-channel_gradient-chan1.0-rayleigh-zf-tx1.0-noise0.1-kl0.1_perc-pri0.5_epoch-pri70_bs-pri250_lr-pri0.005_mom-pri0.99_dp-pri0.2_seed7/bounds/rayleigh-zf-tx1.0-noise0.1_chan-layer4_mcsamples500_norm-frob_seed7_bounds.json
fcn-4,mnist,20,channel_gradient,0.1,1.0,rayleigh_zf,,1.0,1.0,0.0,frob,0.1028,0.10629999999999995,0.0034999999999999476,True,results/posterior/fcn-4_mnist_learnt_gaussian_sig0.03_bounded-pmin1e-05_epoch20_bs250_lr0.001_mon0.95_dp0.2_objective-channel_gradient-chan0.1-rayleigh-zf-tx1.0-noise1.0-kl1.0_perc-pri0.5_epoch-pri20_bs-pri250_lr-pri0.005_mom-pri0.99_dp-pri0.2_seed7/bounds/rayleigh-zf-tx1.0-noise1.0_chan-layer2_mcsamples500_norm-frob_seed7_bounds.json
cnn-9,cifar10,50,channel_gradient,0.01,0.1,rayleigh_zf,,1.0,0.1,10.0,frob,0.35209999999999997,0.3829,0.03080000000000005,True,results/posterior/cnn-9_cifar10_learnt_gaussian_sig0.03_bounded-pmin1e-05_epoch50_bs250_lr0.001_mon0.95_dp0.2_objective-channel_gradient-chan0.01-rayleigh-zf-tx1.0-noise0.1-kl0.1_perc-pri0.5_epoch-pri70_bs-pri250_lr-pri0.005_mom-pri0.99_dp-pri0.2_seed7/bounds/rayleigh-zf-tx1.0-noise0.1_chan-layer4_mcsamples500_norm-frob_seed7_bounds.json
cnn-4,mnist,30,channel_gradient,0.1,0.1,bec,0.5,,,,frob,0.018399999999999972,0.019499999999999962,0.0010999999999999899,True,results/posterior/cnn-4_mnist_learnt_gaussian_sig0.03_bounded-pmin1e-05_epoch30_bs250_lr0.001_mon0.95_dp0.2_objective-channel_gradient-chan0.1-bec-outage0.5-kl0.1_perc-pri0.5_epoch-pri70_bs-pri250_lr-pri0.005_mom-pri0.99_dp-pri0.2_seed7/bounds/bec-outage0.5_chan-layer2_mcsamples500_norm-frob_seed7_bounds.json
cnn-4,mnist,50,channel_gradient,0.01,0.01,rayleigh_zf,,1.0,0.1,10.0,frob,0.07069999999999999,0.08420000000000005,0.013500000000000068,True,results/posterior/cnn-4_mnist_learnt_gaussian_sig0.03_bounded-pmin1e-05_epoch50_bs250_lr0.001_mon0.95_dp0.2_objective-channel_gradient-chan0.01-rayleigh-zf-tx1.0-noise0.1-kl0.01_perc-pri0.5_epoch-pri70_bs-pri250_lr-pri0.005_mom-pri0.99_dp-pri0.2_seed7/bounds/rayleigh-zf-tx1.0-noise0.1_chan-layer2_mcsamples500_norm-frob_seed7_bounds.json
cnn-9,cifar10,10,channel_gradient,1.0,0.1,rayleigh_zf,,1.0,1.0,0.0,frob,0.5769,0.5798,0.0029000000000000137,True,results/posterior/cnn-9_cifar10_learnt_gaussian_sig0.03_bounded-pmin1e-05_epoch10_bs250_lr0.001_mon0.95_dp0.2_objective-channel_gradient-chan1.0-rayleigh-zf-tx1.0-noise1.0-kl0.1_perc-pri0.5_epoch-pri70_bs-pri250_lr-pri0.005_mom-pri0.99_dp-pri0.2_seed7/bounds/rayleigh-zf-tx1.0-noise1.0_chan-layer4_mcsamples500_norm-frob_seed7_bounds.json
cnn-9,cifar10,50,channel_gradient,0.1,0.01,rayleigh_zf,,1.0,1.0,0.0,frob,0.5786,0.6052,0.026599999999999957,True,results/posterior/cnn-9_cifar10_learnt_gaussian_sig0.03_bounded-pmin1e-05_epoch50_bs250_lr0.001_mon0.95_dp0.2_objective-channel_gradient-chan0.1-rayleigh-zf-tx1.0-noise1.0-kl0.01_perc-pri0.5_epoch-pri70_bs-pri250_lr-pri0.005_mom-pri0.99_dp-pri0.2_seed7/bounds/rayleigh-zf-tx1.0-noise1.0_chan-layer4_mcsamples500_norm-frob_seed7_bounds.json
cnn-9,cifar10,10,channel_gradient,0.01,1.0,rayleigh_zf,,1.0,1.0,0.0,frob,0.49829999999999997,0.5798,0.08150000000000002,True,results/posterior/cnn-9_cifar10_learnt_gaussian_sig0.03_bounded-pmin1e-05_epoch10_bs250_lr0.001_mon0.95_dp0.2_objective-channel_gradient-chan0.01-rayleigh-zf-tx1.0-noise1.0-kl1.0_perc-pri0.5_epoch-pri70_bs-pri250_lr-pri0.005_mom-pri0.99_dp-pri0.2_seed7/bounds/rayleigh-zf-tx1.0-noise1.0_chan-layer4_mcsamples500_norm-frob_seed7_bounds.json
cnn-4,mnist,30,channel_norm,0.1,1.0,rayleigh_zf,,1.0,1.0,0.0,frob,0.27590000000000003,0.3106,0.03469999999999995,True,results/posterior/cnn-4_mnist_learnt_gaussian_sig0.03_bounded-pmin1e-05_epoch30_bs250_lr0.001_mon0.95_dp0.2_objective-channel_norm-chan0.1-rayleigh-zf-tx1.0-noise1.0-kl1.0_perc-pri0.5_epoch-pri70_bs-pri250_lr-pri0.005_mom-pri0.99_dp-pri0.2_seed7/bounds/rayleigh-zf-tx1.0-noise1.0_chan-layer2_mcsamples500_norm-frob_seed7_bounds.json
cnn-4,mnist,30,channel_gradient,0.01,0.01,bec,0.1,,,,frob,0.013000000000000012,0.013299999999999979,0.00029999999999996696,True,results/posterior/cnn-4_mnist_learnt_gaussian_sig0.03_bounded-pmin1e-05_epoch30_bs250_lr0.001_mon0.95_dp0.2_objective-channel_gradient-chan0.01-bec-outage0.1-kl0.01_perc-pri0.5_epoch-pri70_bs-pri250_lr-pri0.005_mom-pri0.99_dp-pri0.2_seed7/bounds/bec-outage0.1_chan-layer2_mcsamples500_norm-frob_seed7_bounds.json
cnn-9,cifar10,10,channel_gradient,0.01,0.01,bec,0.1,,,,frob,0.2892,0.2921,0.0029000000000000137,True,results/posterior/cnn-9_cifar10_learnt_gaussian_sig0.03_bounded-pmin1e-05_epoch10_bs250_lr0.001_mon0.95_dp0.2_objective-channel_gradient-chan0.01-bec-outage0.1-kl0.01_perc-pri0.5_epoch-pri70_bs-pri250_lr-pri0.005_mom-pri0.99_dp-pri0.2_seed7/bounds/bec-outage0.1_chan-layer4_mcsamples500_norm-frob_seed7_bounds.json
cnn-4,mnist,10,channel_norm,0.01,0.1,rayleigh_zf,,1.0,1.0,0.0,frob,0.26049999999999995,0.2764,0.015900000000000025,True,results/posterior/cnn-4_mnist_learnt_gaussian_sig0.03_bounded-pmin1e-05_epoch10_bs250_lr0.001_mon0.95_dp0.2_objective-channel_norm-chan0.01-rayleigh-zf-tx1.0-noise1.0-kl0.1_perc-pri0.5_epoch-pri70_bs-pri250_lr-pri0.005_mom-pri0.99_dp-pri0.2_seed7/bounds/rayleigh-zf-tx1.0-noise1.0_chan-layer2_mcsamples500_norm-frob_seed7_bounds.json
cnn-9,cifar10,50,channel_gradient,0.01,1.0,rayleigh_zf,,1.0,1.0,0.0,frob,0.4991,0.6052,0.10609999999999997,True,results/posterior/cnn-9_cifar10_learnt_gaussian_sig0.03_bounded-pmin1e-05_epoch50_bs250_lr0.001_mon0.95_dp0.2_objective-channel_gradient-chan0.01-rayleigh-zf-tx1.0-noise1.0-kl1.0_perc-pri0.5_epoch-pri70_bs-pri250_lr-pri0.005_mom-pri0.99_dp-pri0.2_seed7/bounds/rayleigh-zf-tx1.0-noise1.0_chan-layer4_mcsamples500_norm-frob_seed7_bounds.json
cnn-9,cifar10,10,channel_gradient,0.01,1.0,rayleigh_zf,,1.0,0.1,10.0,frob,0.35409999999999997,0.3752,0.021100000000000008,True,results/posterior/cnn-9_cifar10_learnt_gaussian_sig0.03_bounded-pmin1e-05_epoch10_bs250_lr0.001_mon0.95_dp0.2_objective-channel_gradient-chan0.01-rayleigh-zf-tx1.0-noise0.1-kl1.0_perc-pri0.5_epoch-pri70_bs-pri250_lr-pri0.005_mom-pri0.99_dp-pri0.2_seed7/bounds/rayleigh-zf-tx1.0-noise0.1_chan-layer4_mcsamples500_norm-frob_seed7_bounds.json
cnn-4,mnist,10,channel_gradient,0.1,0.1,bec,0.1,,,,frob,0.013299999999999979,0.013499999999999956,0.00019999999999997797,True,results/posterior/cnn-4_mnist_learnt_gaussian_sig0.03_bounded-pmin1e-05_epoch10_bs250_lr0.001_mon0.95_dp0.2_objective-channel_gradient-chan0.1-bec-outage0.1-kl0.1_perc-pri0.5_epoch-pri70_bs-pri250_lr-pri0.005_mom-pri0.99_dp-pri0.2_seed7/bounds/bec-outage0.1_chan-layer2_mcsamples500_norm-frob_seed7_bounds.json
cnn-4,mnist,10,channel_gradient,0.1,0.1,rayleigh_zf,,1.0,0.1,10.0,frob,0.06779999999999997,0.06920000000000004,0.0014000000000000679,True,results/posterior/cnn-4_mnist_learnt_gaussian_sig0.03_bounded-pmin1e-05_epoch10_bs250_lr0.001_mon0.95_dp0.2_objective-channel_gradient-chan0.1-rayleigh-zf-tx1.0-noise0.1-kl0.1_perc-pri0.5_epoch-pri70_bs-pri250_lr-pri0.005_mom-pri0.99_dp-pri0.2_seed7/bounds/rayleigh-zf-tx1.0-noise0.1_chan-layer2_mcsamples500_norm-frob_seed7_bounds.json
cnn-4,mnist,30,channel_gradient,1.0,0.1,rayleigh_zf,,1.0,0.1,10.0,frob,0.06840000000000002,0.08220000000000005,0.013800000000000034,True,results/posterior/cnn-4_mnist_learnt_gaussian_sig0.03_bounded-pmin1e-05_epoch30_bs250_lr0.001_mon0.95_dp0.2_objective-channel_gradient-chan1.0-rayleigh-zf-tx1.0-noise0.1-kl0.1_perc-pri0.5_epoch-pri70_bs-pri250_lr-pri0.005_mom-pri0.99_dp-pri0.2_seed7/bounds/rayleigh-zf-tx1.0-noise0.1_chan-layer2_mcsamples500_norm-frob_seed7_bounds.json
cnn-4,mnist,30,channel_gradient,0.01,1.0,bec,0.5,,,,frob,0.018199999999999994,0.019499999999999962,0.0012999999999999678,True,results/posterior/cnn-4_mnist_learnt_gaussian_sig0.03_bounded-pmin1e-05_epoch30_bs250_lr0.001_mon0.95_dp0.2_objective-channel_gradient-chan0.01-bec-outage0.5-kl1.0_perc-pri0.5_epoch-pri70_bs-pri250_lr-pri0.005_mom-pri0.99_dp-pri0.2_seed7/bounds/bec-outage0.5_chan-layer2_mcsamples500_norm-frob_seed7_bounds.json
cnn-9,cifar10,20,channel_gradient,0.01,0.1,rayleigh_zf,,1.0,1.0,0.0,frob,0.5008,0.5969,0.09609999999999996,True,results/posterior/cnn-9_cifar10_learnt_gaussian_sig0.03_bounded-pmin1e-05_epoch20_bs250_lr0.001_mon0.95_dp0.2_objective-channel_gradient-chan0.01-rayleigh-zf-tx1.0-noise1.0-kl0.1_perc-pri0.5_epoch-pri70_bs-pri250_lr-pri0.005_mom-pri0.99_dp-pri0.2_seed7/bounds/rayleigh-zf-tx1.0-noise1.0_chan-layer4_mcsamples500_norm-frob_seed7_bounds.json
cnn-4,mnist,50,channel_gradient,0.01,0.01,bec,0.1,,,,frob,0.011700000000000044,0.012900000000000023,0.0011999999999999789,True,results/posterior/cnn-4_mnist_learnt_gaussian_sig0.03_bounded-pmin1e-05_epoch50_bs250_lr0.001_mon0.95_dp0.2_objective-channel_gradient-chan0.01-bec-outage0.1-kl0.01_perc-pri0.5_epoch-pri70_bs-pri250_lr-pri0.005_mom-pri0.99_dp-pri0.2_seed7/bounds/bec-outage0.1_chan-layer2_mcsamples500_norm-frob_seed7_bounds.json
cnn-9,cifar10,50,channel_gradient,0.01,0.1,rayleigh_zf,,1.0,1.0,0.0,frob,0.5037,0.6052,0.10149999999999992,True,results/posterior/cnn-9_cifar10_learnt_gaussian_sig0.03_bounded-pmin1e-05_epoch50_bs250_lr0.001_mon0.95_dp0.2_objective-channel_gradient-chan0.01-rayleigh-zf-tx1.0-noise1.0-kl0.1_perc-pri0.5_epoch-pri70_bs-pri250_lr-pri0.005_mom-pri0.99_dp-pri0.2_seed7/bounds/rayleigh-zf-tx1.0-noise1.0_chan-layer4_mcsamples500_norm-frob_seed7_bounds.json
fcn-4,mnist,20,channel_gradient,0.01,0.1,rayleigh_zf,,1.0,1.0,0.0,frob,0.10260000000000002,0.10629999999999995,0.0036999999999999256,True,results/posterior/fcn-4_mnist_learnt_gaussian_sig0.03_bounded-pmin1e-05_epoch20_bs250_lr0.001_mon0.95_dp0.2_objective-channel_gradient-chan0.01-rayleigh-zf-tx1.0-noise1.0-kl0.1_perc-pri0.5_epoch-pri20_bs-pri250_lr-pri0.005_mom-pri0.99_dp-pri0.2_seed7/bounds/rayleigh-zf-tx1.0-noise1.0_chan-layer2_mcsamples500_norm-frob_seed7_bounds.json
fcn-4,mnist,10,channel_norm,0.01,0.1,rayleigh_zf,,1.0,1.0,0.0,frob,0.09250000000000003,0.10240000000000005,0.00990000000000002,True,results/posterior/fcn-4_mnist_learnt_gaussian_sig0.03_bounded-pmin1e-05_epoch10_bs250_lr0.001_mon0.95_dp0.2_objective-channel_norm-chan0.01-rayleigh-zf-tx1.0-noise1.0-kl0.1_perc-pri0.5_epoch-pri20_bs-pri250_lr-pri0.005_mom-pri0.99_dp-pri0.2_seed7/bounds/rayleigh-zf-tx1.0-noise1.0_chan-layer2_mcsamples500_norm-frob_seed7_bounds.json
fcn-4,mnist,50,channel_gradient,1.0,0.01,bec,0.5,,,,frob,0.032200000000000006,0.03249999999999997,0.00029999999999996696,True,results/posterior/fcn-4_mnist_learnt_gaussian_sig0.03_bounded-pmin1e-05_epoch50_bs250_lr0.001_mon0.95_dp0.2_objective-channel_gradient-chan1.0-bec-outage0.5-kl0.01_perc-pri0.5_epoch-pri20_bs-pri250_lr-pri0.005_mom-pri0.99_dp-pri0.2_seed7/bounds/bec-outage0.5_chan-layer2_mcsamples500_norm-frob_seed7_bounds.json
cnn-9,cifar10,50,channel_gradient,0.01,1.0,rayleigh_zf,,1.0,0.1,10.0,frob,0.3518,0.3829,0.031100000000000017,True,results/posterior/cnn-9_cifar10_learnt_gaussian_sig0.03_bounded-pmin1e-05_epoch50_bs250_lr0.001_mon0.95_dp0.2_objective-channel_gradient-chan0.01-rayleigh-zf-tx1.0-noise0.1-kl1.0_perc-pri0.5_epoch-pri70_bs-pri250_lr-pri0.005_mom-pri0.99_dp-pri0.2_seed7/bounds/rayleigh-zf-tx1.0-noise0.1_chan-layer4_mcsamples500_norm-frob_seed7_bounds.json
fcn-4,mnist,50,channel_gradient,1.0,0.01,bec,0.1,,,,frob,0.0242,0.024599999999999955,0.00039999999999995595,True,results/posterior/fcn-4_mnist_learnt_gaussian_sig0.03_bounded-pmin1e-05_epoch50_bs250_lr0.001_mon0.95_dp0.2_objective-channel_gradient-chan1.0-bec-outage0.1-kl0.01_perc-pri0.5_epoch-pri20_bs-pri250_lr-pri0.005_mom-pri0.99_dp-pri0.2_seed7/bounds/bec-outage0.1_chan-layer2_mcsamples500_norm-frob_seed7_bounds.json
cnn-4,mnist,50,channel_gradient,0.01,1.0,rayleigh_zf,,1.0,1.0,0.0,frob,0.26339999999999997,0.3228,0.05940000000000001,False,results/posterior/cnn-4_mnist_learnt_gaussian_sig0.03_bounded-pmin1e-05_epoch50_bs250_lr0.001_mon0.95_dp0.2_objective-channel_gradient-chan0.01-rayleigh-zf-tx1.0-noise1.0-kl1.0_perc-pri0.5_epoch-pri70_bs-pri250_lr-pri0.005_mom-pri0.99_dp-pri0.2_seed7/bounds/rayleigh-zf-tx1.0-noise1.0_chan-layer2_mcsamples500_norm-frob_seed7_bounds.json
cnn-4,mnist,50,channel_norm,0.01,0.1,rayleigh_zf,,1.0,0.1,10.0,frob,0.06410000000000005,0.08420000000000005,0.020100000000000007,True,results/posterior/cnn-4_mnist_learnt_gaussian_sig0.03_bounded-pmin1e-05_epoch50_bs250_lr0.001_mon0.95_dp0.2_objective-channel_norm-chan0.01-rayleigh-zf-tx1.0-noise0.1-kl0.1_perc-pri0.5_epoch-pri70_bs-pri250_lr-pri0.005_mom-pri0.99_dp-pri0.2_seed7/bounds/rayleigh-zf-tx1.0-noise0.1_chan-layer2_mcsamples500_norm-frob_seed7_bounds.json
cnn-4,mnist,20,channel_gradient,1.0,0.1,rayleigh_zf,,1.0,1.0,0.0,frob,0.28480000000000005,0.28959999999999997,0.0047999999999999154,False,results/posterior/cnn-4_mnist_learnt_gaussian_sig0.03_bounded-pmin1e-05_epoch20_bs250_lr0.001_mon0.95_dp0.2_objective-channel_gradient-chan1.0-rayleigh-zf-tx1.0-noise1.0-kl0.1_perc-pri0.5_epoch-pri70_bs-pri250_lr-pri0.005_mom-pri0.99_dp-pri0.2_seed7/bounds/rayleigh-zf-tx1.0-noise1.0_chan-layer2_mcsamples500_norm-frob_seed7_bounds.json
fcn-4,mnist,20,channel_norm,0.01,0.1,rayleigh_zf,,1.0,1.0,0.0,frob,0.09770000000000001,0.10629999999999995,0.008599999999999941,True,results/posterior/fcn-4_mnist_learnt_gaussian_sig0.03_bounded-pmin1e-05_epoch20_bs250_lr0.001_mon0.95_dp0.2_objective-channel_norm-chan0.01-rayleigh-zf-tx1.0-noise1.0-kl0.1_perc-pri0.5_epoch-pri20_bs-pri250_lr-pri0.005_mom-pri0.99_dp-pri0.2_seed7/bounds/rayleigh-zf-tx1.0-noise1.0_chan-layer2_mcsamples500_norm-frob_seed7_bounds.json
cnn-9,cifar10,10,channel_gradient,0.1,0.01,rayleigh_zf,,1.0,0.1,10.0,frob,0.3687,0.3752,0.00649999999999995,True,results/posterior/cnn-9_cifar10_learnt_gaussian_sig0.03_bounded-pmin1e-05_epoch10_bs250_lr0.001_mon0.95_dp0.2_objective-channel_gradient-chan0.1-rayleigh-zf-tx1.0-noise0.1-kl0.01_perc-pri0.5_epoch-pri70_bs-pri250_lr-pri0.005_mom-pri0.99_dp-pri0.2_seed7/bounds/rayleigh-zf-tx1.0-noise0.1_chan-layer4_mcsamples500_norm-frob_seed7_bounds.json
cnn-9,cifar10,50,channel_gradient,1.0,0.1,rayleigh_zf,,1.0,0.1,10.0,frob,0.3631,0.3829,0.01980000000000004,True,results/posterior/cnn-9_cifar10_learnt_gaussian_sig0.03_bounded-pmin1e-05_epoch50_bs250_lr0.001_mon0.95_dp0.2_objective-channel_gradient-chan1.0-rayleigh-zf-tx1.0-noise0.1-kl0.1_perc-pri0.5_epoch-pri70_bs-pri250_lr-pri0.005_mom-pri0.99_dp-pri0.2_seed7/bounds/rayleigh-zf-tx1.0-noise0.1_chan-layer4_mcsamples500_norm-frob_seed7_bounds.json
cnn-4,mnist,20,channel_norm,0.01,0.1,rayleigh_zf,,1.0,1.0,0.0,frob,0.25239999999999996,0.28959999999999997,0.03720000000000001,True,results/posterior/cnn-4_mnist_learnt_gaussian_sig0.03_bounded-pmin1e-05_epoch20_bs250_lr0.001_mon0.95_dp0.2_objective-channel_norm-chan0.01-rayleigh-zf-tx1.0-noise1.0-kl0.1_perc-pri0.5_epoch-pri70_bs-pri250_lr-pri0.005_mom-pri0.99_dp-pri0.2_seed7/bounds/rayleigh-zf-tx1.0-noise1.0_chan-layer2_mcsamples500_norm-frob_seed7_bounds.json
cnn-4,mnist,30,channel_norm,0.01,1.0,rayleigh_zf,,1.0,1.0,0.0,frob,0.2599,0.3106,0.05069999999999997,True,results/posterior/cnn-4_mnist_learnt_gaussian_sig0.03_bounded-pmin1e-05_epoch30_bs250_lr0.001_mon0.95_dp0.2_objective-channel_norm-chan0.01-rayleigh-zf-tx1.0-noise1.0-kl1.0_perc-pri0.5_epoch-pri70_bs-pri250_lr-pri0.005_mom-pri0.99_dp-pri0.2_seed7/bounds/rayleigh-zf-tx1.0-noise1.0_chan-layer2_mcsamples500_norm-frob_seed7_bounds.json
fcn-4,mnist,50,channel_norm,0.1,1.0,rayleigh_zf,,1.0,1.0,0.0,frob,0.11109999999999998,0.11240000000000006,0.0013000000000000789,True,results/posterior/fcn-4_mnist_learnt_gaussian_sig0.03_bounded-pmin1e-05_epoch50_bs250_lr0.001_mon0.95_dp0.2_objective-channel_norm-chan0.1-rayleigh-zf-tx1.0-noise1.0-kl1.0_perc-pri0.5_epoch-pri20_bs-pri250_lr-pri0.005_mom-pri0.99_dp-pri0.2_seed7/bounds/rayleigh-zf-tx1.0-noise1.0_chan-layer2_mcsamples500_norm-frob_seed7_bounds.json
cnn-4,mnist,30,channel_norm,0.01,0.1,rayleigh_zf,,1.0,0.1,10.0,frob,0.06379999999999997,0.08220000000000005,0.018400000000000083,True,results/posterior/cnn-4_mnist_learnt_gaussian_sig0.03_bounded-pmin1e-05_epoch30_bs250_lr0.001_mon0.95_dp0.2_objective-channel_norm-chan0.01-rayleigh-zf-tx1.0-noise0.1-kl0.1_perc-pri0.5_epoch-pri70_bs-pri250_lr-pri0.005_mom-pri0.99_dp-pri0.2_seed7/bounds/rayleigh-zf-tx1.0-noise0.1_chan-layer2_mcsamples500_norm-frob_seed7_bounds.json
cnn-4,mnist,20,channel_norm,0.1,1.0,rayleigh_zf,,1.0,1.0,0.0,frob,0.25739999999999996,0.28959999999999997,0.032200000000000006,True,results/posterior/cnn-4_mnist_learnt_gaussian_sig0.03_bounded-pmin1e-05_epoch20_bs250_lr0.001_mon0.95_dp0.2_objective-channel_norm-chan0.1-rayleigh-zf-tx1.0-noise1.0-kl1.0_perc-pri0.5_epoch-pri70_bs-pri250_lr-pri0.005_mom-pri0.99_dp-pri0.2_seed7/bounds/rayleigh-zf-tx1.0-noise1.0_chan-layer2_mcsamples500_norm-frob_seed7_bounds.json
cnn-4,mnist,10,channel_norm,0.1,1.0,rayleigh_zf,,1.0,1.0,0.0,frob,0.26049999999999995,0.2764,0.015900000000000025,True,results/posterior/cnn-4_mnist_learnt_gaussian_sig0.03_bounded-pmin1e-05_epoch10_bs250_lr0.001_mon0.95_dp0.2_objective-channel_norm-chan0.1-rayleigh-zf-tx1.0-noise1.0-kl1.0_perc-pri0.5_epoch-pri70_bs-pri250_lr-pri0.005_mom-pri0.99_dp-pri0.2_seed7/bounds/rayleigh-zf-tx1.0-noise1.0_chan-layer2_mcsamples500_norm-frob_seed7_bounds.json
cnn-4,mnist,20,channel_gradient,1.0,1.0,rayleigh_zf,,1.0,0.1,10.0,frob,0.06820000000000004,0.07320000000000004,0.0050000000000000044,True,results/posterior/cnn-4_mnist_learnt_gaussian_sig0.03_bounded-pmin1e-05_epoch20_bs250_lr0.001_mon0.95_dp0.2_objective-channel_gradient-chan1.0-rayleigh-zf-tx1.0-noise0.1-kl1.0_perc-pri0.5_epoch-pri70_bs-pri250_lr-pri0.005_mom-pri0.99_dp-pri0.2_seed7/bounds/rayleigh-zf-tx1.0-noise0.1_chan-layer2_mcsamples500_norm-frob_seed7_bounds.json
cnn-4,mnist,20,channel_gradient,0.01,0.1,rayleigh_zf,,1.0,1.0,0.0,frob,0.2669,0.28959999999999997,0.022699999999999942,False,results/posterior/cnn-4_mnist_learnt_gaussian_sig0.03_bounded-pmin1e-05_epoch20_bs250_lr0.001_mon0.95_dp0.2_objective-channel_gradient-chan0.01-rayleigh-zf-tx1.0-noise1.0-kl0.1_perc-pri0.5_epoch-pri70_bs-pri250_lr-pri0.005_mom-pri0.99_dp-pri0.2_seed7/bounds/rayleigh-zf-tx1.0-noise1.0_chan-layer2_mcsamples500_norm-frob_seed7_bounds.json
cnn-4,mnist,30,channel_gradient,0.1,1.0,bec,0.5,,,,frob,0.018399999999999972,0.019499999999999962,0.0010999999999999899,True,results/posterior/cnn-4_mnist_learnt_gaussian_sig0.03_bounded-pmin1e-05_epoch30_bs250_lr0.001_mon0.95_dp0.2_objective-channel_gradient-chan0.1-bec-outage0.5-kl1.0_perc-pri0.5_epoch-pri70_bs-pri250_lr-pri0.005_mom-pri0.99_dp-pri0.2_seed7/bounds/bec-outage0.5_chan-layer2_mcsamples500_norm-frob_seed7_bounds.json
cnn-4,mnist,50,channel_gradient,1.0,0.01,bec,0.1,,,,frob,0.012499999999999956,0.012900000000000023,0.00040000000000006697,True,results/posterior/cnn-4_mnist_learnt_gaussian_sig0.03_bounded-pmin1e-05_epoch50_bs250_lr0.001_mon0.95_dp0.2_objective-channel_gradient-chan1.0-bec-outage0.1-kl0.01_perc-pri0.5_epoch-pri70_bs-pri250_lr-pri0.005_mom-pri0.99_dp-pri0.2_seed7/bounds/bec-outage0.1_chan-layer2_mcsamples500_norm-frob_seed7_bounds.json
fcn-4,mnist,20,channel_gradient,1.0,0.01,bec,0.1,,,,frob,0.02529999999999999,0.02629999999999999,0.0010000000000000009,True,results/posterior/fcn-4_mnist_learnt_gaussian_sig0.03_bounded-pmin1e-05_epoch20_bs250_lr0.001_mon0.95_dp0.2_objective-channel_gradient-chan1.0-bec-outage0.1-kl0.01_perc-pri0.5_epoch-pri20_bs-pri250_lr-pri0.005_mom-pri0.99_dp-pri0.2_seed7/bounds/bec-outage0.1_chan-layer2_mcsamples500_norm-frob_seed7_bounds.json
cnn-4,mnist,30,channel_gradient,0.1,0.1,rayleigh_zf,,1.0,0.1,10.0,frob,0.06689999999999996,0.08220000000000005,0.015300000000000091,True,results/posterior/cnn-4_mnist_learnt_gaussian_sig0.03_bounded-pmin1e-05_epoch30_bs250_lr0.001_mon0.95_dp0.2_objective-channel_gradient-chan0.1-rayleigh-zf-tx1.0-noise0.1-kl0.1_perc-pri0.5_epoch-pri70_bs-pri250_lr-pri0.005_mom-pri0.99_dp-pri0.2_seed7/bounds/rayleigh-zf-tx1.0-noise0.1_chan-layer2_mcsamples500_norm-frob_seed7_bounds.json
cnn-9,cifar10,20,channel_gradient,0.1,0.01,rayleigh_zf,,1.0,1.0,0.0,frob,0.5908,0.5969,0.006099999999999994,True,results/posterior/cnn-9_cifar10_learnt_gaussian_sig0.03_bounded-pmin1e-05_epoch20_bs250_lr0.001_mon0.95_dp0.2_objective-channel_gradient-chan0.1-rayleigh-zf-tx1.0-noise1.0-kl0.01_perc-pri0.5_epoch-pri70_bs-pri250_lr-pri0.005_mom-pri0.99_dp-pri0.2_seed7/bounds/rayleigh-zf-tx1.0-noise1.0_chan-layer4_mcsamples500_norm-frob_seed7_bounds.json
fcn-4,mnist,50,channel_gradient,0.1,0.1,rayleigh_zf,,1.0,1.0,0.0,frob,0.09550000000000003,0.11240000000000006,0.016900000000000026,True,results/posterior/fcn-4_mnist_learnt_gaussian_sig0.03_bounded-pmin1e-05_epoch50_bs250_lr0.001_mon0.95_dp0.2_objective-channel_gradient-chan0.1-rayleigh-zf-tx1.0-noise1.0-kl0.1_perc-pri0.5_epoch-pri20_bs-pri250_lr-pri0.005_mom-pri0.99_dp-pri0.2_seed7/bounds/rayleigh-zf-tx1.0-noise1.0_chan-layer2_mcsamples500_norm-frob_seed7_bounds.json
cnn-9,cifar10,10,channel_gradient,0.1,0.1,rayleigh_zf,,1.0,0.1,10.0,frob,0.35629999999999995,0.3752,0.018900000000000028,True,results/posterior/cnn-9_cifar10_learnt_gaussian_sig0.03_bounded-pmin1e-05_epoch10_bs250_lr0.001_mon0.95_dp0.2_objective-channel_gradient-chan0.1-rayleigh-zf-tx1.0-noise0.1-kl0.1_perc-pri0.5_epoch-pri70_bs-pri250_lr-pri0.005_mom-pri0.99_dp-pri0.2_seed7/bounds/rayleigh-zf-tx1.0-noise0.1_chan-layer4_mcsamples500_norm-frob_seed7_bounds.json
cnn-9,cifar10,20,channel_gradient,0.01,0.1,bec,0.5,,,,frob,0.3328,0.33620000000000005,0.0034000000000000696,True,results/posterior/cnn-9_cifar10_learnt_gaussian_sig0.03_bounded-pmin1e-05_epoch20_bs250_lr0.001_mon0.95_dp0.2_objective-channel_gradient-chan0.01-bec-outage0.5-kl0.1_perc-pri0.5_epoch-pri70_bs-pri250_lr-pri0.005_mom-pri0.99_dp-pri0.2_seed7/bounds/bec-outage0.5_chan-layer4_mcsamples500_norm-frob_seed7_bounds.json
cnn-4,mnist,10,channel_gradient,0.01,1.0,rayleigh_zf,,1.0,1.0,0.0,frob,0.26890000000000003,0.2764,0.007499999999999951,False,results/posterior/cnn-4_mnist_learnt_gaussian_sig0.03_bounded-pmin1e-05_epoch10_bs250_lr0.001_mon0.95_dp0.2_objective-channel_gradient-chan0.01-rayleigh-zf-tx1.0-noise1.0-kl1.0_perc-pri0.5_epoch-pri70_bs-pri250_lr-pri0.005_mom-pri0.99_dp-pri0.2_seed7/bounds/rayleigh-zf-tx1.0-noise1.0_chan-layer2_mcsamples500_norm-frob_seed7_bounds.json
cnn-9,cifar10,50,channel_gradient,0.1,0.1,rayleigh_zf,,1.0,1.0,0.0,frob,0.509,0.6052,0.09619999999999995,True,results/posterior/cnn-9_cifar10_learnt_gaussian_sig0.03_bounded-pmin1e-05_epoch50_bs250_lr0.001_mon0.95_dp0.2_objective-channel_gradient-chan0.1-rayleigh-zf-tx1.0-noise1.0-kl0.1_perc-pri0.5_epoch-pri70_bs-pri250_lr-pri0.005_mom-pri0.99_dp-pri0.2_seed7/bounds/rayleigh-zf-tx1.0-noise1.0_chan-layer4_mcsamples500_norm-frob_seed7_bounds.json
cnn-4,mnist,50,channel_norm,0.01,1.0,rayleigh_zf,,1.0,1.0,0.0,frob,0.25870000000000004,0.3228,0.06409999999999993,True,results/posterior/cnn-4_mnist_learnt_gaussian_sig0.03_bounded-pmin1e-05_epoch50_bs250_lr0.001_mon0.95_dp0.2_objective-channel_norm-chan0.01-rayleigh-zf-tx1.0-noise1.0-kl1.0_perc-pri0.5_epoch-pri70_bs-pri250_lr-pri0.005_mom-pri0.99_dp-pri0.2_seed7/bounds/rayleigh-zf-tx1.0-noise1.0_chan-layer2_mcsamples500_norm-frob_seed7_bounds.json
fcn-4,mnist,50,channel_gradient,0.01,0.01,rayleigh_zf,,1.0,1.0,0.0,frob,0.09589999999999999,0.11240000000000006,0.01650000000000007,True,results/posterior/fcn-4_mnist_learnt_gaussian_sig0.03_bounded-pmin1e-05_epoch50_bs250_lr0.001_mon0.95_dp0.2_objective-channel_gradient-chan0.01-rayleigh-zf-tx1.0-noise1.0-kl0.01_perc-pri0.5_epoch-pri20_bs-pri250_lr-pri0.005_mom-pri0.99_dp-pri0.2_seed7/bounds/rayleigh-zf-tx1.0-noise1.0_chan-layer2_mcsamples500_norm-frob_seed7_bounds.json
cnn-9,cifar10,50,channel_gradient,0.1,1.0,rayleigh_zf,,1.0,0.1,10.0,frob,0.35209999999999997,0.3829,0.03080000000000005,True,results/posterior/cnn-9_cifar10_learnt_gaussian_sig0.03_bounded-pmin1e-05_epoch50_bs250_lr0.001_mon0.95_dp0.2_objective-channel_gradient-chan0.1-rayleigh-zf-tx1.0-noise0.1-kl1.0_perc-pri0.5_epoch-pri70_bs-pri250_lr-pri0.005_mom-pri0.99_dp-pri0.2_seed7/bounds/rayleigh-zf-tx1.0-noise0.1_chan-layer4_mcsamples500_norm-frob_seed7_bounds.json
cnn-4,mnist,30,channel_norm,0.01,1.0,rayleigh_zf,,1.0,0.1,10.0,frob,0.06430000000000002,0.08220000000000005,0.017900000000000027,True,results/posterior/cnn-4_mnist_learnt_gaussian_sig0.03_bounded-pmin1e-05_epoch30_bs250_lr0.001_mon0.95_dp0.2_objective-channel_norm-chan0.01-rayleigh-zf-tx1.0-noise0.1-kl1.0_perc-pri0.5_epoch-pri70_bs-pri250_lr-pri0.005_mom-pri0.99_dp-pri0.2_seed7/bounds/rayleigh-zf-tx1.0-noise0.1_chan-layer2_mcsamples500_norm-frob_seed7_bounds.json
cnn-9,cifar10,50,channel_gradient,0.1,1.0,rayleigh_zf,,1.0,1.0,0.0,frob,0.49939999999999996,0.6052,0.1058,True,results/posterior/cnn-9_cifar10_learnt_gaussian_sig0.03_bounded-pmin1e-05_epoch50_bs250_lr0.001_mon0.95_dp0.2_objective-channel_gradient-chan0.1-rayleigh-zf-tx1.0-noise1.0-kl1.0_perc-pri0.5_epoch-pri70_bs-pri250_lr-pri0.005_mom-pri0.99_dp-pri0.2_seed7/bounds/rayleigh-zf-tx1.0-noise1.0_chan-layer4_mcsamples500_norm-frob_seed7_bounds.json
fcn-4,mnist,50,channel_norm,0.01,0.1,rayleigh_zf,,1.0,1.0,0.0,frob,0.10919999999999996,0.11240000000000006,0.0032000000000000917,True,results/posterior/fcn-4_mnist_learnt_gaussian_sig0.03_bounded-pmin1e-05_epoch50_bs250_lr0.001_mon0.95_dp0.2_objective-channel_norm-chan0.01-rayleigh-zf-tx1.0-noise1.0-kl0.1_perc-pri0.5_epoch-pri20_bs-pri250_lr-pri0.005_mom-pri0.99_dp-pri0.2_seed7/bounds/rayleigh-zf-tx1.0-noise1.0_chan-layer2_mcsamples500_norm-frob_seed7_bounds.json
cnn-4,mnist,20,channel_gradient,0.01,0.01,rayleigh_zf,,1.0,1.0,0.0,frob,0.27659999999999996,0.28959999999999997,0.013000000000000012,False,results/posterior/cnn-4_mnist_learnt_gaussian_sig0.03_bounded-pmin1e-05_epoch20_bs250_lr0.001_mon0.95_dp0.2_objective-channel_gradient-chan0.01-rayleigh-zf-tx1.0-noise1.0-kl0.01_perc-pri0.5_epoch-pri70_bs-pri250_lr-pri0.005_mom-pri0.99_dp-pri0.2_seed7/bounds/rayleigh-zf-tx1.0-noise1.0_chan-layer2_mcsamples500_norm-frob_seed7_bounds.json
cnn-9,cifar10,10,channel_gradient,0.01,0.1,rayleigh_zf,,1.0,0.1,10.0,frob,0.3556,0.3752,0.01959999999999995,True,results/posterior/cnn-9_cifar10_learnt_gaussian_sig0.03_bounded-pmin1e-05_epoch10_bs250_lr0.001_mon0.95_dp0.2_objective-channel_gradient-chan0.01-rayleigh-zf-tx1.0-noise0.1-kl0.1_perc-pri0.5_epoch-pri70_bs-pri250_lr-pri0.005_mom-pri0.99_dp-pri0.2_seed7/bounds/rayleigh-zf-tx1.0-noise0.1_chan-layer4_mcsamples500_norm-frob_seed7_bounds.json
cnn-4,mnist,50,channel_gradient,0.01,0.1,rayleigh_zf,,1.0,1.0,0.0,frob,0.26380000000000003,0.3228,0.05899999999999994,False,results/posterior/cnn-4_mnist_learnt_gaussian_sig0.03_bounded-pmin1e-05_epoch50_bs250_lr0.001_mon0.95_dp0.2_objective-channel_gradient-chan0.01-rayleigh-zf-tx1.0-noise1.0-kl0.1_perc-pri0.5_epoch-pri70_bs-pri250_lr-pri0.005_mom-pri0.99_dp-pri0.2_seed7/bounds/rayleigh-zf-tx1.0-noise1.0_chan-layer2_mcsamples500_norm-frob_seed7_bounds.json
fcn-4,mnist,50,channel_gradient,0.01,1.0,rayleigh_zf,,1.0,1.0,0.0,frob,0.0968,0.11240000000000006,0.015600000000000058,True,results/posterior/fcn-4_mnist_learnt_gaussian_sig0.03_bounded-pmin1e-05_epoch50_bs250_lr0.001_mon0.95_dp0.2_objective-channel_gradient-chan0.01-rayleigh-zf-tx1.0-noise1.0-kl1.0_perc-pri0.5_epoch-pri20_bs-pri250_lr-pri0.005_mom-pri0.99_dp-pri0.2_seed7/bounds/rayleigh-zf-tx1.0-noise1.0_chan-layer2_mcsamples500_norm-frob_seed7_bounds.json
cnn-4,mnist,10,channel_gradient,1.0,0.01,bec,0.1,,,,frob,0.013000000000000012,0.013499999999999956,0.0004999999999999449,True,results/posterior/cnn-4_mnist_learnt_gaussian_sig0.03_bounded-pmin1e-05_epoch10_bs250_lr0.001_mon0.95_dp0.2_objective-channel_gradient-chan1.0-bec-outage0.1-kl0.01_perc-pri0.5_epoch-pri70_bs-pri250_lr-pri0.005_mom-pri0.99_dp-pri0.2_seed7/bounds/bec-outage0.1_chan-layer2_mcsamples500_norm-frob_seed7_bounds.json
cnn-4,mnist,10,channel_gradient,0.1,1.0,rayleigh_zf,,1.0,0.1,10.0,frob,0.06730000000000003,0.06920000000000004,0.0019000000000000128,True,results/posterior/cnn-4_mnist_learnt_gaussian_sig0.03_bounded-pmin1e-05_epoch10_bs250_lr0.001_mon0.95_dp0.2_objective-channel_gradient-chan0.1-rayleigh-zf-tx1.0-noise0.1-kl1.0_perc-pri0.5_epoch-pri70_bs-pri250_lr-pri0.005_mom-pri0.99_dp-pri0.2_seed7/bounds/rayleigh-zf-tx1.0-noise0.1_chan-layer2_mcsamples500_norm-frob_seed7_bounds.json
fcn-4,mnist,20,channel_norm,0.1,1.0,rayleigh_zf,,1.0,1.0,0.0,frob,0.09850000000000003,0.10629999999999995,0.007799999999999918,True,results/posterior/fcn-4_mnist_learnt_gaussian_sig0.03_bounded-pmin1e-05_epoch20_bs250_lr0.001_mon0.95_dp0.2_objective-channel_norm-chan0.1-rayleigh-zf-tx1.0-noise1.0-kl1.0_perc-pri0.5_epoch-pri20_bs-pri250_lr-pri0.005_mom-pri0.99_dp-pri0.2_seed7/bounds/rayleigh-zf-tx1.0-noise1.0_chan-layer2_mcsamples500_norm-frob_seed7_bounds.json
fcn-4,mnist,50,channel_gradient,1.0,0.01,rayleigh_zf,,1.0,1.0,0.0,frob,0.10540000000000005,0.11240000000000006,0.007000000000000006,True,results/posterior/fcn-4_mnist_learnt_gaussian_sig0.03_bounded-pmin1e-05_epoch50_bs250_lr0.001_mon0.95_dp0.2_objective-channel_gradient-chan1.0-rayleigh-zf-tx1.0-noise1.0-kl0.01_perc-pri0.5_epoch-pri20_bs-pri250_lr-pri0.005_mom-pri0.99_dp-pri0.2_seed7/bounds/rayleigh-zf-tx1.0-noise1.0_chan-layer2_mcsamples500_norm-frob_seed7_bounds.json
fcn-4,mnist,10,channel_gradient,1.0,0.01,bec,0.5,,,,frob,0.03090000000000004,0.03380000000000005,0.0029000000000000137,True,results/posterior/fcn-4_mnist_learnt_gaussian_sig0.03_bounded-pmin1e-05_epoch10_bs250_lr0.001_mon0.95_dp0.2_objective-channel_gradient-chan1.0-bec-outage0.5-kl0.01_perc-pri0.5_epoch-pri20_bs-pri250_lr-pri0.005_mom-pri0.99_dp-pri0.2_seed7/bounds/bec-outage0.5_chan-layer2_mcsamples500_norm-frob_seed7_bounds.json
cnn-9,cifar10,50,channel_gradient,1.0,0.1,rayleigh_zf,,1.0,1.0,0.0,frob,0.5679000000000001,0.6052,0.03729999999999989,True,results/posterior/cnn-9_cifar10_learnt_gaussian_sig0.03_bounded-pmin1e-05_epoch50_bs250_lr0.001_mon0.95_dp0.2_objective-channel_gradient-chan1.0-rayleigh-zf-tx1.0-noise1.0-kl0.1_perc-pri0.5_epoch-pri70_bs-pri250_lr-pri0.005_mom-pri0.99_dp-pri0.2_seed7/bounds/rayleigh-zf-tx1.0-noise1.0_chan-layer4_mcsamples500_norm-frob_seed7_bounds.json
cnn-4,mnist,50,channel_norm,0.01,1.0,rayleigh_zf,,1.0,0.1,10.0,frob,0.06479999999999997,0.08420000000000005,0.019400000000000084,True,results/posterior/cnn-4_mnist_learnt_gaussian_sig0.03_bounded-pmin1e-05_epoch50_bs250_lr0.001_mon0.95_dp0.2_objective-channel_norm-chan0.01-rayleigh-zf-tx1.0-noise0.1-kl1.0_perc-pri0.5_epoch-pri70_bs-pri250_lr-pri0.005_mom-pri0.99_dp-pri0.2_seed7/bounds/rayleigh-zf-tx1.0-noise0.1_chan-layer2_mcsamples500_norm-frob_seed7_bounds.json
cnn-4,mnist,20,channel_gradient,0.1,0.01,rayleigh_zf,,1.0,0.1,10.0,frob,0.07210000000000005,0.07320000000000004,0.0010999999999999899,True,results/posterior/cnn-4_mnist_learnt_gaussian_sig0.03_bounded-pmin1e-05_epoch20_bs250_lr0.001_mon0.95_dp0.2_objective-channel_gradient-chan0.1-rayleigh-zf-tx1.0-noise0.1-kl0.01_perc-pri0.5_epoch-pri70_bs-pri250_lr-pri0.005_mom-pri0.99_dp-pri0.2_seed7/bounds/rayleigh-zf-tx1.0-noise0.1_chan-layer2_mcsamples500_norm-frob_seed7_bounds.json
cnn-4,mnist,50,channel_gradient,0.1,0.01,rayleigh_zf,,1.0,0.1,10.0,frob,0.0726,0.08420000000000005,0.011600000000000055,True,results/posterior/cnn-4_mnist_learnt_gaussian_sig0.03_bounded-pmin1e-05_epoch50_bs250_lr0.001_mon0.95_dp0.2_objective-channel_gradient-chan0.1-rayleigh-zf-tx1.0-noise0.1-kl0.01_perc-pri0.5_epoch-pri70_bs-pri250_lr-pri0.005_mom-pri0.99_dp-pri0.2_seed7/bounds/rayleigh-zf-tx1.0-noise0.1_chan-layer2_mcsamples500_norm-frob_seed7_bounds.json
cnn-4,mnist,20,channel_norm,0.01,1.0,rayleigh_zf,,1.0,1.0,0.0,frob,0.25460000000000005,0.28959999999999997,0.03499999999999992,True,results/posterior/cnn-4_mnist_learnt_gaussian_sig0.03_bounded-pmin1e-05_epoch20_bs250_lr0.001_mon0.95_dp0.2_objective-channel_norm-chan0.01-rayleigh-zf-tx1.0-noise1.0-kl1.0_perc-pri0.5_epoch-pri70_bs-pri250_lr-pri0.005_mom-pri0.99_dp-pri0.2_seed7/bounds/rayleigh-zf-tx1.0-noise1.0_chan-layer2_mcsamples500_norm-frob_seed7_bounds.json
cnn-9,cifar10,10,channel_gradient,0.1,0.01,bec,0.1,,,,frob,0.281,0.2921,0.011099999999999999,True,results/posterior/cnn-9_cifar10_learnt_gaussian_sig0.03_bounded-pmin1e-05_epoch10_bs250_lr0.001_mon0.95_dp0.2_objective-channel_gradient-chan0.1-bec-outage0.1-kl0.01_perc-pri0.5_epoch-pri70_bs-pri250_lr-pri0.005_mom-pri0.99_dp-pri0.2_seed7/bounds/bec-outage0.1_chan-layer4_mcsamples500_norm-frob_seed7_bounds.json
cnn-9,cifar10,20,channel_gradient,0.1,1.0,rayleigh_zf,,1.0,1.0,0.0,frob,0.496,0.5969,0.10089999999999999,True,results/posterior/cnn-9_cifar10_learnt_gaussian_sig0.03_bounded-pmin1e-05_epoch20_bs250_lr0.001_mon0.95_dp0.2_objective-channel_gradient-chan0.1-rayleigh-zf-tx1.0-noise1.0-kl1.0_perc-pri0.5_epoch-pri70_bs-pri250_lr-pri0.005_mom-pri0.99_dp-pri0.2_seed7/bounds/rayleigh-zf-tx1.0-noise1.0_chan-layer4_mcsamples500_norm-frob_seed7_bounds.json
cnn-4,mnist,10,channel_gradient,0.01,0.1,rayleigh_zf,,1.0,1.0,0.0,frob,0.26949999999999996,0.2764,0.006900000000000017,False,results/posterior/cnn-4_mnist_learnt_gaussian_sig0.03_bounded-pmin1e-05_epoch10_bs250_lr0.001_mon0.95_dp0.2_objective-channel_gradient-chan0.01-rayleigh-zf-tx1.0-noise1.0-kl0.1_perc-pri0.5_epoch-pri70_bs-pri250_lr-pri0.005_mom-pri0.99_dp-pri0.2_seed7/bounds/rayleigh-zf-tx1.0-noise1.0_chan-layer2_mcsamples500_norm-frob_seed7_bounds.json
cnn-4,mnist,30,channel_gradient,0.01,0.01,bec,0.5,,,,frob,0.01770000000000005,0.019499999999999962,0.0017999999999999128,True,results/posterior/cnn-4_mnist_learnt_gaussian_sig0.03_bounded-pmin1e-05_epoch30_bs250_lr0.001_mon0.95_dp0.2_objective-channel_gradient-chan0.01-bec-outage0.5-kl0.01_perc-pri0.5_epoch-pri70_bs-pri250_lr-pri0.005_mom-pri0.99_dp-pri0.2_seed7/bounds/bec-outage0.5_chan-layer2_mcsamples500_norm-frob_seed7_bounds.json
cnn-9,cifar10,20,channel_gradient,0.01,1.0,bec,0.5,,,,frob,0.3286,0.33620000000000005,0.007600000000000051,True,results/posterior/cnn-9_cifar10_learnt_gaussian_sig0.03_bounded-pmin1e-05_epoch20_bs250_lr0.001_mon0.95_dp0.2_objective-channel_gradient-chan0.01-bec-outage0.5-kl1.0_perc-pri0.5_epoch-pri70_bs-pri250_lr-pri0.005_mom-pri0.99_dp-pri0.2_seed7/bounds/bec-outage0.5_chan-layer4_mcsamples500_norm-frob_seed7_bounds.json
cnn-4,mnist,30,channel_gradient,0.01,0.01,rayleigh_zf,,1.0,0.1,10.0,frob,0.0686,0.08220000000000005,0.013600000000000056,True,results/posterior/cnn-4_mnist_learnt_gaussian_sig0.03_bounded-pmin1e-05_epoch30_bs250_lr0.001_mon0.95_dp0.2_objective-channel_gradient-chan0.01-rayleigh-zf-tx1.0-noise0.1-kl0.01_perc-pri0.5_epoch-pri70_bs-pri250_lr-pri0.005_mom-pri0.99_dp-pri0.2_seed7/bounds/rayleigh-zf-tx1.0-noise0.1_chan-layer2_mcsamples500_norm-frob_seed7_bounds.json
cnn-4,mnist,30,channel_gradient,0.01,1.0,rayleigh_zf,,1.0,1.0,0.0,frob,0.2621,0.3106,0.04849999999999999,False,results/posterior/cnn-4_mnist_learnt_gaussian_sig0.03_bounded-pmin1e-05_epoch30_bs250_lr0.001_mon0.95_dp0.2_objective-channel_gradient-chan0.01-rayleigh-zf-tx1.0-noise1.0-kl1.0_perc-pri0.5_epoch-pri70_bs-pri250_lr-pri0.005_mom-pri0.99_dp-pri0.2_seed7/bounds/rayleigh-zf-tx1.0-noise1.0_chan-layer2_mcsamples500_norm-frob_seed7_bounds.json
cnn-4,mnist,30,channel_gradient,0.1,0.01,rayleigh_zf,,1.0,0.1,10.0,frob,0.07050000000000001,0.08220000000000005,0.011700000000000044,True,results/posterior/cnn-4_mnist_learnt_gaussian_sig0.03_bounded-pmin1e-05_epoch30_bs250_lr0.001_mon0.95_dp0.2_objective-channel_gradient-chan0.1-rayleigh-zf-tx1.0-noise0.1-kl0.01_perc-pri0.5_epoch-pri70_bs-pri250_lr-pri0.005_mom-pri0.99_dp-pri0.2_seed7/bounds/rayleigh-zf-tx1.0-noise0.1_chan-layer2_mcsamples500_norm-frob_seed7_bounds.json
cnn-9,cifar10,10,channel_gradient,0.01,0.01,rayleigh_zf,,1.0,1.0,0.0,frob,0.5389999999999999,0.5798,0.04080000000000006,True,results/posterior/cnn-9_cifar10_learnt_gaussian_sig0.03_bounded-pmin1e-05_epoch10_bs250_lr0.001_mon0.95_dp0.2_objective-channel_gradient-chan0.01-rayleigh-zf-tx1.0-noise1.0-kl0.01_perc-pri0.5_epoch-pri70_bs-pri250_lr-pri0.005_mom-pri0.99_dp-pri0.2_seed7/bounds/rayleigh-zf-tx1.0-noise1.0_chan-layer4_mcsamples500_norm-frob_seed7_bounds.json
cnn-9,cifar10,20,channel_gradient,1.0,1.0,rayleigh_zf,,1.0,1.0,0.0,frob,0.5053000000000001,0.5969,0.0915999999999999,True,results/posterior/cnn-9_cifar10_learnt_gaussian_sig0.03_bounded-pmin1e-05_epoch20_bs250_lr0.001_mon0.95_dp0.2_objective-channel_gradient-chan1.0-rayleigh-zf-tx1.0-noise1.0-kl1.0_perc-pri0.5_epoch-pri70_bs-pri250_lr-pri0.005_mom-pri0.99_dp-pri0.2_seed7/bounds/rayleigh-zf-tx1.0-noise1.0_chan-layer4_mcsamples500_norm-frob_seed7_bounds.json
cnn-4,mnist,30,channel_gradient,0.1,0.01,rayleigh_zf,,1.0,1.0,0.0,frob,0.28800000000000003,0.3106,0.022599999999999953,False,results/posterior/cnn-4_mnist_learnt_gaussian_sig0.03_bounded-pmin1e-05_epoch30_bs250_lr0.001_mon0.95_dp0.2_objective-channel_gradient-chan0.1-rayleigh-zf-tx1.0-noise1.0-kl0.01_perc-pri0.5_epoch-pri70_bs-pri250_lr-pri0.005_mom-pri0.99_dp-pri0.2_seed7/bounds/rayleigh-zf-tx1.0-noise1.0_chan-layer2_mcsamples500_norm-frob_seed7_bounds.json
cnn-4,mnist,30,channel_gradient,0.1,1.0,rayleigh_zf,,1.0,0.1,10.0,frob,0.06669999999999998,0.08220000000000005,0.01550000000000007,True,results/posterior/cnn-4_mnist_learnt_gaussian_sig0.03_bounded-pmin1e-05_epoch30_bs250_lr0.001_mon0.95_dp0.2_objective-channel_gradient-chan0.1-rayleigh-zf-tx1.0-noise0.1-kl1.0_perc-pri0.5_epoch-pri70_bs-pri250_lr-pri0.005_mom-pri0.99_dp-pri0.2_seed7/bounds/rayleigh-zf-tx1.0-noise0.1_chan-layer2_mcsamples500_norm-frob_seed7_bounds.json
cnn-9,cifar10,10,channel_gradient,0.01,0.1,bec,0.5,,,,frob,0.34040000000000004,0.3418,0.0013999999999999568,True,results/posterior/cnn-9_cifar10_learnt_gaussian_sig0.03_bounded-pmin1e-05_epoch10_bs250_lr0.001_mon0.95_dp0.2_objective-channel_gradient-chan0.01-bec-outage0.5-kl0.1_perc-pri0.5_epoch-pri70_bs-pri250_lr-pri0.005_mom-pri0.99_dp-pri0.2_seed7/bounds/bec-outage0.5_chan-layer4_mcsamples500_norm-frob_seed7_bounds.json
cnn-4,mnist,50,channel_gradient,1.0,1.0,rayleigh_zf,,1.0,0.1,10.0,frob,0.06879999999999997,0.08420000000000005,0.01540000000000008,True,results/posterior/cnn-4_mnist_learnt_gaussian_sig0.03_bounded-pmin1e-05_epoch50_bs250_lr0.001_mon0.95_dp0.2_objective-channel_gradient-chan1.0-rayleigh-zf-tx1.0-noise0.1-kl1.0_perc-pri0.5_epoch-pri70_bs-pri250_lr-pri0.005_mom-pri0.99_dp-pri0.2_seed7/bounds/rayleigh-zf-tx1.0-noise0.1_chan-layer2_mcsamples500_norm-frob_seed7_bounds.json
cnn-9,cifar10,10,channel_gradient,1.0,1.0,rayleigh_zf,,1.0,1.0,0.0,frob,0.507,0.5798,0.07279999999999998,True,results/posterior/cnn-9_cifar10_learnt_gaussian_sig0.03_bounded-pmin1e-05_epoch10_bs250_lr0.001_mon0.95_dp0.2_objective-channel_gradient-chan1.0-rayleigh-zf-tx1.0-noise1.0-kl1.0_perc-pri0.5_epoch-pri70_bs-pri250_lr-pri0.005_mom-pri0.99_dp-pri0.2_seed7/bounds/rayleigh-zf-tx1.0-noise1.0_chan-layer4_mcsamples500_norm-frob_seed7_bounds.json
cnn-4,mnist,20,channel_gradient,0.01,1.0,rayleigh_zf,,1.0,1.0,0.0,frob,0.2659,0.28959999999999997,0.023699999999999943,False,results/posterior/cnn-4_mnist_learnt_gaussian_sig0.03_bounded-pmin1e-05_epoch20_bs250_lr0.001_mon0.95_dp0.2_objective-channel_gradient-chan0.01-rayleigh-zf-tx1.0-noise1.0-kl1.0_perc-pri0.5_epoch-pri70_bs-pri250_lr-pri0.005_mom-pri0.99_dp-pri0.2_seed7/bounds/rayleigh-zf-tx1.0-noise1.0_chan-layer2_mcsamples500_norm-frob_seed7_bounds.json
cnn-9,cifar10,50,channel_gradient,0.1,0.1,rayleigh_zf,,1.0,0.1,10.0,frob,0.3527,0.3829,0.030200000000000005,True,results/posterior/cnn-9_cifar10_learnt_gaussian_sig0.03_bounded-pmin1e-05_epoch50_bs250_lr0.001_mon0.95_dp0.2_objective-channel_gradient-chan0.1-rayleigh-zf-tx1.0-noise0.1-kl0.1_perc-pri0.5_epoch-pri70_bs-pri250_lr-pri0.005_mom-pri0.99_dp-pri0.2_seed7/bounds/rayleigh-zf-tx1.0-noise0.1_chan-layer4_mcsamples500_norm-frob_seed7_bounds.json
cnn-9,cifar10,20,channel_gradient,0.1,1.0,rayleigh_zf,,1.0,0.1,10.0,frob,0.352,0.3813,0.029299999999999993,True,results/posterior/cnn-9_cifar10_learnt_gaussian_sig0.03_bounded-pmin1e-05_epoch20_bs250_lr0.001_mon0.95_dp0.2_objective-channel_gradient-chan0.1-rayleigh-zf-tx1.0-noise0.1-kl1.0_perc-pri0.5_epoch-pri70_bs-pri250_lr-pri0.005_mom-pri0.99_dp-pri0.2_seed7/bounds/rayleigh-zf-tx1.0-noise0.1_chan-layer4_mcsamples500_norm-frob_seed7_bounds.json
cnn-9,cifar10,20,channel_gradient,0.01,0.01,rayleigh_zf,,1.0,0.1,10.0,frob,0.36029999999999995,0.3813,0.02100000000000002,True,results/posterior/cnn-9_cifar10_learnt_gaussian_sig0.03_bounded-pmin1e-05_epoch20_bs250_lr0.001_mon0.95_dp0.2_objective-channel_gradient-chan0.01-rayleigh-zf-tx1.0-noise0.1-kl0.01_perc-pri0.5_epoch-pri70_bs-pri250_lr-pri0.005_mom-pri0.99_dp-pri0.2_seed7/bounds/rayleigh-zf-tx1.0-noise0.1_chan-layer4_mcsamples500_norm-frob_seed7_bounds.json
cnn-4,mnist,20,channel_gradient,1.0,1.0,rayleigh_zf,,1.0,1.0,0.0,frob,0.2659,0.28959999999999997,0.023699999999999943,False,results/posterior/cnn-4_mnist_learnt_gaussian_sig0.03_bounded-pmin1e-05_epoch20_bs250_lr0.001_mon0.95_dp0.2_objective-channel_gradient-chan1.0-rayleigh-zf-tx1.0-noise1.0-kl1.0_perc-pri0.5_epoch-pri70_bs-pri250_lr-pri0.005_mom-pri0.99_dp-pri0.2_seed7/bounds/rayleigh-zf-tx1.0-noise1.0_chan-layer2_mcsamples500_norm-frob_seed7_bounds.json
fcn-4,mnist,50,channel_norm,0.01,1.0,rayleigh_zf,,1.0,1.0,0.0,frob,0.1078,0.11240000000000006,0.0046000000000000485,True,results/posterior/fcn-4_mnist_learnt_gaussian_sig0.03_bounded-pmin1e-05_epoch50_bs250_lr0.001_mon0.95_dp0.2_objective-channel_norm-chan0.01-rayleigh-zf-tx1.0-noise1.0-kl1.0_perc-pri0.5_epoch-pri20_bs-pri250_lr-pri0.005_mom-pri0.99_dp-pri0.2_seed7/bounds/rayleigh-zf-tx1.0-noise1.0_chan-layer2_mcsamples500_norm-frob_seed7_bounds.json
cnn-4,mnist,30,channel_gradient,0.1,0.1,bec,0.1,,,,frob,0.012800000000000034,0.013299999999999979,0.0004999999999999449,True,results/posterior/cnn-4_mnist_learnt_gaussian_sig0.03_bounded-pmin1e-05_epoch30_bs250_lr0.001_mon0.95_dp0.2_objective-channel_gradient-chan0.1-bec-outage0.1-kl0.1_perc-pri0.5_epoch-pri70_bs-pri250_lr-pri0.005_mom-pri0.99_dp-pri0.2_seed7/bounds/bec-outage0.1_chan-layer2_mcsamples500_norm-frob_seed7_bounds.json
cnn-4,mnist,10,channel_norm,0.01,1.0,rayleigh_zf,,1.0,1.0,0.0,frob,0.26160000000000005,0.2764,0.014799999999999924,True,results/posterior/cnn-4_mnist_learnt_gaussian_sig0.03_bounded-pmin1e-05_epoch10_bs250_lr0.001_mon0.95_dp0.2_objective-channel_norm-chan0.01-rayleigh-zf-tx1.0-noise1.0-kl1.0_perc-pri0.5_epoch-pri70_bs-pri250_lr-pri0.005_mom-pri0.99_dp-pri0.2_seed7/bounds/rayleigh-zf-tx1.0-noise1.0_chan-layer2_mcsamples500_norm-frob_seed7_bounds.json
fcn-4,mnist,20,channel_gradient,0.01,0.01,rayleigh_zf,,1.0,1.0,0.0,frob,0.10270000000000001,0.10629999999999995,0.0035999999999999366,True,results/posterior/fcn-4_mnist_learnt_gaussian_sig0.03_bounded-pmin1e-05_epoch20_bs250_lr0.001_mon0.95_dp0.2_objective-channel_gradient-chan0.01-rayleigh-zf-tx1.0-noise1.0-kl0.01_perc-pri0.5_epoch-pri20_bs-pri250_lr-pri0.005_mom-pri0.99_dp-pri0.2_seed7/bounds/rayleigh-zf-tx1.0-noise1.0_chan-layer2_mcsamples500_norm-frob_seed7_bounds.json
cnn-9,cifar10,10,channel_gradient,0.1,1.0,rayleigh_zf,,1.0,0.1,10.0,frob,0.35429999999999995,0.3752,0.02090000000000003,True,results/posterior/cnn-9_cifar10_learnt_gaussian_sig0.03_bounded-pmin1e-05_epoch10_bs250_lr0.001_mon0.95_dp0.2_objective-channel_gradient-chan0.1-rayleigh-zf-tx1.0-noise0.1-kl1.0_perc-pri0.5_epoch-pri70_bs-pri250_lr-pri0.005_mom-pri0.99_dp-pri0.2_seed7/bounds/rayleigh-zf-tx1.0-noise0.1_chan-layer4_mcsamples500_norm-frob_seed7_bounds.json
cnn-4,mnist,20,channel_norm,0.01,0.1,rayleigh_zf,,1.0,0.1,10.0,frob,0.06420000000000003,0.07320000000000004,0.009000000000000008,True,results/posterior/cnn-4_mnist_learnt_gaussian_sig0.03_bounded-pmin1e-05_epoch20_bs250_lr0.001_mon0.95_dp0.2_objective-channel_norm-chan0.01-rayleigh-zf-tx1.0-noise0.1-kl0.1_perc-pri0.5_epoch-pri70_bs-pri250_lr-pri0.005_mom-pri0.99_dp-pri0.2_seed7/bounds/rayleigh-zf-tx1.0-noise0.1_chan-layer2_mcsamples500_norm-frob_seed7_bounds.json
cnn-9,cifar10,50,channel_gradient,0.01,0.01,rayleigh_zf,,1.0,0.1,10.0,frob,0.362,0.3829,0.02090000000000003,True,results/posterior/cnn-9_cifar10_learnt_gaussian_sig0.03_bounded-pmin1e-05_epoch50_bs250_lr0.001_mon0.95_dp0.2_objective-channel_gradient-chan0.01-rayleigh-zf-tx1.0-noise0.1-kl0.01_perc-pri0.5_epoch-pri70_bs-pri250_lr-pri0.005_mom-pri0.99_dp-pri0.2_seed7/bounds/rayleigh-zf-tx1.0-noise0.1_chan-layer4_mcsamples500_norm-frob_seed7_bounds.json
cnn-4,mnist,20,channel_gradient,0.1,1.0,rayleigh_zf,,1.0,1.0,0.0,frob,0.266,0.28959999999999997,0.023599999999999954,False,results/posterior/cnn-4_mnist_learnt_gaussian_sig0.03_bounded-pmin1e-05_epoch20_bs250_lr0.001_mon0.95_dp0.2_objective-channel_gradient-chan0.1-rayleigh-zf-tx1.0-noise1.0-kl1.0_perc-pri0.5_epoch-pri70_bs-pri250_lr-pri0.005_mom-pri0.99_dp-pri0.2_seed7/bounds/rayleigh-zf-tx1.0-noise1.0_chan-layer2_mcsamples500_norm-frob_seed7_bounds.json
cnn-4,mnist,30,channel_gradient,1.0,0.1,rayleigh_zf,,1.0,1.0,0.0,frob,0.2844,0.3106,0.0262,False,results/posterior/cnn-4_mnist_learnt_gaussian_sig0.03_bounded-pmin1e-05_epoch30_bs250_lr0.001_mon0.95_dp0.2_objective-channel_gradient-chan1.0-rayleigh-zf-tx1.0-noise1.0-kl0.1_perc-pri0.5_epoch-pri70_bs-pri250_lr-pri0.005_mom-pri0.99_dp-pri0.2_seed7/bounds/rayleigh-zf-tx1.0-noise1.0_chan-layer2_mcsamples500_norm-frob_seed7_bounds.json
cnn-4,mnist,10,channel_gradient,0.01,0.01,bec,0.1,,,,frob,0.01319999999999999,0.013499999999999956,0.00029999999999996696,True,results/posterior/cnn-4_mnist_learnt_gaussian_sig0.03_bounded-pmin1e-05_epoch10_bs250_lr0.001_mon0.95_dp0.2_objective-channel_gradient-chan0.01-bec-outage0.1-kl0.01_perc-pri0.5_epoch-pri70_bs-pri250_lr-pri0.005_mom-pri0.99_dp-pri0.2_seed7/bounds/bec-outage0.1_chan-layer2_mcsamples500_norm-frob_seed7_bounds.json
cnn-9,cifar10,20,channel_gradient,0.01,1.0,rayleigh_zf,,1.0,1.0,0.0,frob,0.4938,0.5969,0.10309999999999997,True,results/posterior/cnn-9_cifar10_learnt_gaussian_sig0.03_bounded-pmin1e-05_epoch20_bs250_lr0.001_mon0.95_dp0.2_objective-channel_gradient-chan0.01-rayleigh-zf-tx1.0-noise1.0-kl1.0_perc-pri0.5_epoch-pri70_bs-pri250_lr-pri0.005_mom-pri0.99_dp-pri0.2_seed7/bounds/rayleigh-zf-tx1.0-noise1.0_chan-layer4_mcsamples500_norm-frob_seed7_bounds.json
fcn-4,mnist,20,channel_gradient,0.1,0.1,rayleigh_zf,,1.0,1.0,0.0,frob,0.10209999999999997,0.10629999999999995,0.0041999999999999815,True,results/posterior/fcn-4_mnist_learnt_gaussian_sig0.03_bounded-pmin1e-05_epoch20_bs250_lr0.001_mon0.95_dp0.2_objective-channel_gradient-chan0.1-rayleigh-zf-tx1.0-noise1.0-kl0.1_perc-pri0.5_epoch-pri20_bs-pri250_lr-pri0.005_mom-pri0.99_dp-pri0.2_seed7/bounds/rayleigh-zf-tx1.0-noise1.0_chan-layer2_mcsamples500_norm-frob_seed7_bounds.json
fcn-4,mnist,10,channel_gradient,0.1,0.01,bec,0.5,,,,frob,0.033499999999999974,0.03380000000000005,0.000300000000000078,True,results/posterior/fcn-4_mnist_learnt_gaussian_sig0.03_bounded-pmin1e-05_epoch10_bs250_lr0.001_mon0.95_dp0.2_objective-channel_gradient-chan0.1-bec-outage0.5-kl0.01_perc-pri0.5_epoch-pri20_bs-pri250_lr-pri0.005_mom-pri0.99_dp-pri0.2_seed7/bounds/bec-outage0.5_chan-layer2_mcsamples500_norm-frob_seed7_bounds.json
cnn-4,mnist,50,channel_norm,0.1,1.0,rayleigh_zf,,1.0,0.1,10.0,frob,0.06479999999999997,0.08420000000000005,0.019400000000000084,True,results/posterior/cnn-4_mnist_learnt_gaussian_sig0.03_bounded-pmin1e-05_epoch50_bs250_lr0.001_mon0.95_dp0.2_objective-channel_norm-chan0.1-rayleigh-zf-tx1.0-noise0.1-kl1.0_perc-pri0.5_epoch-pri70_bs-pri250_lr-pri0.005_mom-pri0.99_dp-pri0.2_seed7/bounds/rayleigh-zf-tx1.0-noise0.1_chan-layer2_mcsamples500_norm-frob_seed7_bounds.json
