model,dataset,prior_type,epoch,channel_type,channel_spec,norm_type,loss_type,lhs,rhs,empirical,channel_term,kl_term,gap,relative_gap,dimension,lipschitz,kl_final
cnn-9,cifar10,rand,10,rayleigh-zf,SNR=10.0dB,spec,ce,0.20961737632751465,1.1334709205403517,0.263579727432797,0.03487472932019379,0.14014682974225237,0.923853544212837,4.40733282897965,8192.0,0.07020870596170425,31.337783813476562
cnn-9,cifar10,rand,10,rayleigh-zf,SNR=10.0dB,spec,01,0.8965,0.45733452491314514,0.9397161230600035,0.03487472932019379,0.14014682974225237,-0.43916547508685483,-0.4898666760589569,8192.0,0.07020870596170425,31.337783813476562
cnn-9,cifar10,rand,10,bec,outage=0.1,frob,ce,0.20010924339294434,1.1421233532113377,0.263579727432797,0.04351871714733184,0.14014682974225237,0.9420141098183934,4.707499233149407,8192.0,0.0015182452043518424,31.337783813476562
cnn-9,cifar10,rand,10,bec,outage=0.1,frob,01,0.8925,0.4659785127402832,0.9397245679038516,0.04351871714733184,0.14014682974225237,-0.4265214872597168,-0.477895223820411,8192.0,0.0015182452043518424,31.337783813476562
cnn-9,cifar10,rand,10,bec,outage=0.5,frob,ce,0.20006611347198486,1.176865079380336,0.263579727432797,0.07826044331633007,0.14014682974225237,0.976798965908351,4.882380873786163,8192.0,0.0012209281558170915,31.337783813476562
cnn-9,cifar10,rand,10,bec,outage=0.5,frob,01,0.8928,0.5007202389092814,0.9397245679038516,0.07826044331633007,0.14014682974225237,-0.3920797610907186,-0.4391574384976687,8192.0,0.0012209281558170915,31.337783813476562
cnn-9,cifar10,rand,10,rayleigh-zf,SNR=0.0dB,frob,ce,0.2518424987792969,1.1088813296717437,0.263579727432797,0.0102851384515858,0.14014682974225237,0.8570388308924468,3.4030746797962643,8192.0,0.00654772249981761,31.337783813476562
cnn-9,cifar10,rand,10,rayleigh-zf,SNR=0.0dB,frob,01,0.8966,0.4327449340445371,0.9397161230600035,0.0102851384515858,0.14014682974225237,-0.46385506595546283,-0.5173489470839425,8192.0,0.00654772249981761,31.337783813476562
cnn-9,cifar10,rand,10,bec,outage=0.1,spec,ce,0.20010924339294434,1.1173440811990032,0.263579727432797,0.018739445134997368,0.14014682974225237,0.9172348378060589,4.583670510436799,8192.0,0.018739445134997368,31.337783813476562
cnn-9,cifar10,rand,10,bec,outage=0.1,spec,01,0.8925,0.4411992407279487,0.9397245679038516,0.018739445134997368,0.14014682974225237,-0.45130075927205127,-0.5056591140303096,8192.0,0.018739445134997368,31.337783813476562
cnn-9,cifar10,rand,10,bec,outage=0.5,spec,ce,0.20006611347198486,1.115807415714694,0.263579727432797,0.01720277965068817,0.14014682974225237,0.9157413022427091,4.577193440462069,8192.0,0.01720277965068817,31.337783813476562
cnn-9,cifar10,rand,10,bec,outage=0.5,spec,01,0.8928,0.4396625752436395,0.9397245679038516,0.01720277965068817,0.14014682974225237,-0.45313742475636054,-0.5075463986966404,8192.0,0.01720277965068817,31.337783813476562
cnn-9,cifar10,rand,10,rayleigh-zf,SNR=0.0dB,spec,ce,0.2518424987792969,1.212747571911928,0.263579727432797,0.11415138069177012,0.14014682974225237,0.9609050731326312,3.8155000756036968,8192.0,0.07267102599143982,31.337783813476562
cnn-9,cifar10,rand,10,rayleigh-zf,SNR=0.0dB,spec,01,0.8966,0.5366111762847214,0.9397161230600035,0.11415138069177012,0.14014682974225237,-0.3599888237152785,-0.4015043762160144,8192.0,0.07267102599143982,31.337783813476562
cnn-9,cifar10,rand,10,rayleigh-zf,SNR=10.0dB,frob,ce,0.20961737632751465,1.1018843429198941,0.263579727432797,0.0032881516997362906,0.14014682974225237,0.8922669665923795,4.256646000559923,8192.0,0.006619603373110294,31.337783813476562
cnn-9,cifar10,rand,10,rayleigh-zf,SNR=10.0dB,frob,01,0.8965,0.4257479472926876,0.9397161230600035,0.0032881516997362906,0.14014682974225237,-0.47075205270731235,-0.5250998914749719,8192.0,0.006619603373110294,31.337783813476562
fcn-4,mnist,rand,50,rayleigh-zf,SNR=10.0dB,frob,ce,0.03769577443599701,37.44986612975698,0.0614766881296476,0.007826982981243406,37.268384429689604,37.41217035532098,992.4765020769753,600.0,0.015757035464048386,9128.8525390625
fcn-4,mnist,rand,50,rayleigh-zf,SNR=10.0dB,frob,01,0.12770000000000004,37.35478912956151,0.15655368832511624,0.007826982981243406,37.268384429689604,37.22708912956151,291.5198835517737,600.0,0.015757035464048386,9128.8525390625
fcn-4,mnist,rand,50,bec,outage=0.1,spec,ce,0.0307902455329895,37.513278583844006,0.06136751119623977,0.07137268781661987,37.268384429689604,37.482488338311015,1217.349445887051,600.0,0.07137268781661987,9128.8525390625
fcn-4,mnist,rand,50,bec,outage=0.1,spec,01,0.11299999999999999,37.41822565746347,0.15642043757677088,0.07137268781661987,37.268384429689604,37.305225657463474,330.1347403315352,600.0,0.07137268781661987,9128.8525390625
fcn-4,mnist,rand,50,bec,outage=0.5,spec,ce,0.054147887229919436,37.51259599890262,0.06136751119623977,0.0706901028752327,37.268384429689604,37.4584481116727,691.7804189223291,600.0,0.0706901028752327,9128.8525390625
fcn-4,mnist,rand,50,bec,outage=0.5,spec,01,0.1654,37.417543072522086,0.15642043757677088,0.0706901028752327,37.268384429689604,37.25214307252209,225.22456513012148,600.0,0.0706901028752327,9128.8525390625
fcn-4,mnist,rand,50,rayleigh-zf,SNR=0.0dB,spec,ce,0.08557465672492981,37.62472244632558,0.0614766881296476,0.18268329954984266,37.268384429689604,37.53914778960065,438.6713219343205,600.0,0.11629980057477951,9128.8525390625
fcn-4,mnist,rand,50,rayleigh-zf,SNR=0.0dB,spec,01,0.23129999999999995,37.52964544613011,0.15655368832511624,0.18268329954984266,37.268384429689604,37.298345446130114,161.25527646402992,600.0,0.11629980057477951,9128.8525390625
fcn-4,mnist,rand,50,bec,outage=0.1,frob,ce,0.0307902455329895,37.50891116392663,0.06136751119623977,0.06700526789924707,37.268384429689604,37.47812091839364,1217.207601616511,600.0,0.008666250854730606,9128.8525390625
fcn-4,mnist,rand,50,bec,outage=0.1,frob,01,0.11299999999999999,37.4138582375461,0.15642043757677088,0.06700526789924707,37.268384429689604,37.3008582375461,330.0960905977531,600.0,0.008666250854730606,9128.8525390625
fcn-4,mnist,rand,50,bec,outage=0.5,frob,ce,0.054147887229919436,37.58284853326452,0.06136751119623977,0.14094263723713407,37.268384429689604,37.5287006460346,693.0778385993627,600.0,0.008137560449540615,9128.8525390625
fcn-4,mnist,rand,50,bec,outage=0.5,frob,01,0.1654,37.487795606883985,0.15642043757677088,0.14094263723713407,37.268384429689604,37.32239560688399,225.64930838503017,600.0,0.008137560449540615,9128.8525390625
fcn-4,mnist,rand,50,rayleigh-zf,SNR=0.0dB,frob,ce,0.08557465672492981,37.46770131925108,0.0614766881296476,0.025662172475346284,37.268384429689604,37.38212666252615,436.83641972046496,600.0,0.016337046399712563,9128.8525390625
fcn-4,mnist,rand,50,rayleigh-zf,SNR=0.0dB,frob,01,0.23129999999999995,37.37262431905561,0.15655368832511624,0.025662172475346284,37.268384429689604,37.14132431905561,160.57641296608568,600.0,0.016337046399712563,9128.8525390625
fcn-4,mnist,rand,50,rayleigh-zf,SNR=10.0dB,spec,ce,0.03769577443599701,37.49946883016701,0.0614766881296476,0.05742968339127726,37.268384429689604,37.461773055731015,993.7923710610243,600.0,0.11561562865972519,9128.8525390625
fcn-4,mnist,rand,50,rayleigh-zf,SNR=10.0dB,spec,01,0.12770000000000004,37.404391829971544,0.15655368832511624,0.05742968339127726,37.268384429689604,37.27669182997155,291.90831503501596,600.0,0.11561562865972519,9128.8525390625
fcn-4,mnist,learnt,10,rayleigh-zf,SNR=10.0dB,frob,ce,0.014841872453689575,0.18190306607452408,0.030307195135002792,0.007826982981243406,0.10078607089343876,0.16706119362083452,11.256072583975373,600.0,0.015757035464048386,24.68744468688965
fcn-4,mnist,learnt,10,rayleigh-zf,SNR=10.0dB,frob,01,0.03610000000000002,0.1560212777706971,0.056188983438829776,0.007826982981243406,0.10078607089343876,0.11992127777069708,3.321919051819862,600.0,0.015757035464048386,24.68744468688965
fcn-4,mnist,learnt,10,bec,outage=0.1,spec,ce,0.008582884818315506,0.24538434077115576,0.03030767630663866,0.07137268781661987,0.10078607089343876,0.23680145595284025,27.58996083082883,600.0,0.07137268781661987,24.68744468688965
fcn-4,mnist,learnt,10,bec,outage=0.1,spec,01,0.02629999999999999,0.21956746377770944,0.05612455330008498,0.07137268781661987,0.10078607089343876,0.19326746377770945,7.34857276721329,600.0,0.07137268781661987,24.68744468688965
fcn-4,mnist,learnt,10,bec,outage=0.5,spec,ce,0.010413500666618346,0.24470175582976858,0.03030767630663866,0.0706901028752327,0.10078607089343876,0.23428825516315024,22.498510603085446,600.0,0.0706901028752327,24.68744468688965
fcn-4,mnist,learnt,10,bec,outage=0.5,spec,01,0.03380000000000005,0.21888487883632227,0.05612455330008498,0.0706901028752327,0.10078607089343876,0.18508487883632221,5.475883989240294,600.0,0.0706901028752327,24.68744468688965
fcn-4,mnist,learnt,10,rayleigh-zf,SNR=0.0dB,spec,ce,0.05780861377716064,0.35675938264312335,0.030307195135002792,0.18268329954984266,0.10078607089343876,0.2989507688659627,5.171387952984853,600.0,0.11629980057477951,24.68744468688965
fcn-4,mnist,learnt,10,rayleigh-zf,SNR=0.0dB,spec,01,0.10240000000000005,0.33087759433929637,0.056188983438829776,0.18268329954984266,0.10078607089343876,0.22847759433929632,2.2312265072196897,600.0,0.11629980057477951,24.68744468688965
fcn-4,mnist,learnt,10,bec,outage=0.1,frob,ce,0.008582884818315506,0.24101692085378296,0.03030767630663866,0.06700526789924707,0.10078607089343876,0.23243403603546745,27.081108619733918,600.0,0.008666250854730606,24.68744468688965
fcn-4,mnist,learnt,10,bec,outage=0.1,frob,01,0.02629999999999999,0.21520004386033664,0.05612455330008498,0.06700526789924707,0.10078607089343876,0.18890004386033665,7.182511173396834,600.0,0.008666250854730606,24.68744468688965
fcn-4,mnist,learnt,10,bec,outage=0.5,frob,ce,0.010413500666618346,0.31495429019167,0.03030767630663866,0.14094263723713407,0.10078607089343876,0.30454078952505165,29.244804343393533,600.0,0.008137560449540615,24.68744468688965
fcn-4,mnist,learnt,10,bec,outage=0.5,frob,01,0.03380000000000005,0.2891374131982236,0.05612455330008498,0.14094263723713407,0.10078607089343876,0.25533741319822356,7.554361337225537,600.0,0.008137560449540615,24.68744468688965
fcn-4,mnist,learnt,10,rayleigh-zf,SNR=0.0dB,frob,ce,0.05780861377716064,0.19973825556862695,0.030307195135002792,0.025662172475346284,0.10078607089343876,0.1419296417914663,2.455164248334574,600.0,0.016337046399712563,24.68744468688965
fcn-4,mnist,learnt,10,rayleigh-zf,SNR=0.0dB,frob,01,0.10240000000000005,0.17385646726479997,0.056188983438829776,0.025662172475346284,0.10078607089343876,0.07145646726479993,0.6978170631328114,600.0,0.016337046399712563,24.68744468688965
fcn-4,mnist,learnt,10,rayleigh-zf,SNR=10.0dB,spec,ce,0.014841872453689575,0.23150576648455795,0.030307195135002792,0.05742968339127726,0.10078607089343876,0.2166638940308684,14.598150921112882,600.0,0.11561562865972519,24.68744468688965
fcn-4,mnist,learnt,10,rayleigh-zf,SNR=10.0dB,spec,01,0.03610000000000002,0.20562397818073097,0.056188983438829776,0.05742968339127726,0.10078607089343876,0.16952397818073095,4.695955074258472,600.0,0.11561562865972519,24.68744468688965
fcn-4,mnist,rand,10,rayleigh-zf,SNR=10.0dB,frob,ce,0.07263858914375305,13.192829032272751,0.10598586688452173,0.007826982981243406,12.85279840191977,13.120190443128998,180.62286998944745,600.0,0.015757035464048386,3148.27978515625
fcn-4,mnist,rand,10,rayleigh-zf,SNR=10.0dB,frob,01,0.276,12.983712280546548,0.31510261861072486,0.007826982981243406,12.85279840191977,12.707712280546549,46.042435799081694,600.0,0.015757035464048386,3148.27978515625
fcn-4,mnist,rand,10,bec,outage=0.1,spec,ce,0.0664433479309082,13.25547842704968,0.10565817048018179,0.07137268781661987,12.85279840191977,13.18903507911877,198.50045926092594,600.0,0.07137268781661987,3148.27978515625
fcn-4,mnist,rand,10,bec,outage=0.1,spec,01,0.2589,13.046930288977585,0.31420630855227594,0.07137268781661987,12.85279840191977,12.788030288977584,49.39370524904435,600.0,0.07137268781661987,3148.27978515625
fcn-4,mnist,rand,10,bec,outage=0.5,spec,ce,0.09867218732833863,13.254795842108292,0.10565817048018179,0.0706901028752327,12.85279840191977,13.156123654779954,133.33163083739117,600.0,0.0706901028752327,3148.27978515625
fcn-4,mnist,rand,10,bec,outage=0.5,spec,01,0.35640000000000005,13.046247704036197,0.31420630855227594,0.0706901028752327,12.85279840191977,12.689847704036197,35.60563328854151,600.0,0.0706901028752327,3148.27978515625
fcn-4,mnist,rand,10,rayleigh-zf,SNR=0.0dB,spec,ce,0.1186290979385376,13.367685348841352,0.10598586688452173,0.18268329954984266,12.85279840191977,13.249056250902814,111.6847087361924,600.0,0.11629980057477951,3148.27978515625
fcn-4,mnist,rand,10,rayleigh-zf,SNR=0.0dB,spec,01,0.3769,13.15856859711515,0.31510261861072486,0.18268329954984266,12.85279840191977,12.78166859711515,33.912625622486466,600.0,0.11629980057477951,3148.27978515625
fcn-4,mnist,rand,10,bec,outage=0.1,frob,ce,0.0664433479309082,13.251111007132307,0.10565817048018179,0.06700526789924707,12.85279840191977,13.184667659201398,198.43472777608395,600.0,0.008666250854730606,3148.27978515625
fcn-4,mnist,rand,10,bec,outage=0.1,frob,01,0.2589,13.042562869060212,0.31420630855227594,0.06700526789924707,12.85279840191977,12.783662869060212,49.37683611069993,600.0,0.008666250854730606,3148.27978515625
fcn-4,mnist,rand,10,bec,outage=0.5,frob,ce,0.09867218732833863,13.325048376470193,0.10565817048018179,0.14094263723713407,12.85279840191977,13.226376189141854,134.04360992961634,600.0,0.008137560449540615,3148.27978515625
fcn-4,mnist,rand,10,bec,outage=0.5,frob,01,0.35640000000000005,13.1165002383981,0.31420630855227594,0.14094263723713407,12.85279840191977,12.760100238398099,35.80275038832238,600.0,0.008137560449540615,3148.27978515625
fcn-4,mnist,rand,10,rayleigh-zf,SNR=0.0dB,frob,ce,0.1186290979385376,13.210664221766855,0.10598586688452173,0.025662172475346284,12.85279840191977,13.092035123828317,110.36107794237275,600.0,0.016337046399712563,3148.27978515625
fcn-4,mnist,rand,10,rayleigh-zf,SNR=0.0dB,frob,01,0.3769,13.001547470040652,0.31510261861072486,0.025662172475346284,12.85279840191977,12.624647470040653,33.49601345195185,600.0,0.016337046399712563,3148.27978515625
fcn-4,mnist,rand,10,rayleigh-zf,SNR=10.0dB,spec,ce,0.07263858914375305,13.242431732682785,0.10598586688452173,0.05742968339127726,12.85279840191977,13.169793143539032,181.3057398110497,600.0,0.11561562865972519,3148.27978515625
fcn-4,mnist,rand,10,rayleigh-zf,SNR=10.0dB,spec,01,0.276,13.033314980956582,0.31510261861072486,0.05742968339127726,12.85279840191977,12.757314980956583,46.22215572810356,600.0,0.11561562865972519,3148.27978515625
cnn-9,cifar10,rand,50,rayleigh-zf,SNR=10.0dB,spec,ce,0.22056775093078612,2.178058946852031,0.2611588744318032,0.03487472932019379,1.1970366287479075,1.9574911959212449,8.874784222356709,8192.0,0.07020870596170425,267.66552734375
cnn-9,cifar10,rand,50,rayleigh-zf,SNR=10.0dB,spec,01,0.899,1.5118034709178063,0.9274143503660279,0.03487472932019379,1.1970366287479075,0.6128034709178063,0.6816501345025654,8192.0,0.07020870596170425,267.66552734375
cnn-9,cifar10,rand,50,bec,outage=0.1,frob,ce,0.1978796601295471,2.1868760060638883,0.2611577610504161,0.04351871714733184,1.1970366287479075,1.9889963459343412,10.051545189799661,8192.0,0.0015182452043518424,267.66552734375
cnn-9,cifar10,rand,50,bec,outage=0.1,frob,01,0.8831,1.5204463453635573,0.9275874217507474,0.04351871714733184,1.1970366287479075,0.6373463453635573,0.721714806209441,8192.0,0.0015182452043518424,267.66552734375
cnn-9,cifar10,rand,50,bec,outage=0.5,frob,ce,0.19798789024353028,2.2216177322328865,0.2611577610504161,0.07826044331633007,1.1970366287479075,2.023629841989356,10.220977856273121,8192.0,0.0012209281558170915,267.66552734375
cnn-9,cifar10,rand,50,bec,outage=0.5,frob,01,0.8779,1.5551880715325554,0.9275874217507474,0.07826044331633007,1.1970366287479075,0.6772880715325554,0.7714865833609242,8192.0,0.0012209281558170915,267.66552734375
cnn-9,cifar10,rand,50,rayleigh-zf,SNR=0.0dB,frob,ce,0.3037994861602783,2.153469355983423,0.2611588744318032,0.0102851384515858,1.1970366287479075,1.8496698698231446,6.088456215647769,8192.0,0.00654772249981761,267.66552734375
cnn-9,cifar10,rand,50,rayleigh-zf,SNR=0.0dB,frob,01,0.8996,1.4872138800491983,0.9274143503660279,0.0102851384515858,1.1970366287479075,0.5876138800491983,0.6531946198857251,8192.0,0.00654772249981761,267.66552734375
cnn-9,cifar10,rand,50,bec,outage=0.1,spec,ce,0.1978796601295471,2.162096734051554,0.2611577610504161,0.018739445134997368,1.1970366287479075,1.9642170739220066,9.926321243103411,8192.0,0.018739445134997368,267.66552734375
cnn-9,cifar10,rand,50,bec,outage=0.1,spec,01,0.8831,1.4956670733512227,0.9275874217507474,0.018739445134997368,1.1970366287479075,0.6125670733512227,0.6936553882360126,8192.0,0.018739445134997368,267.66552734375
cnn-9,cifar10,rand,50,bec,outage=0.5,spec,ce,0.19798789024353028,2.1605600685672446,0.2611577610504161,0.01720277965068817,1.1970366287479075,1.9625721783237142,9.912586956251209,8192.0,0.01720277965068817,267.66552734375
cnn-9,cifar10,rand,50,bec,outage=0.5,spec,01,0.8779,1.4941304078669135,0.9275874217507474,0.01720277965068817,1.1970366287479075,0.6162304078669135,0.7019369038237995,8192.0,0.01720277965068817,267.66552734375
cnn-9,cifar10,rand,50,rayleigh-zf,SNR=0.0dB,spec,ce,0.3037994861602783,2.2573355982236074,0.2611588744318032,0.11415138069177012,1.1970366287479075,1.953536112063329,6.430346992202232,8192.0,0.07267102599143982,267.66552734375
cnn-9,cifar10,rand,50,rayleigh-zf,SNR=0.0dB,spec,01,0.8996,1.5910801222893827,0.9274143503660279,0.11415138069177012,1.1970366287479075,0.6914801222893827,0.7686528704861969,8192.0,0.07267102599143982,267.66552734375
cnn-9,cifar10,rand,50,rayleigh-zf,SNR=10.0dB,frob,ce,0.22056775093078612,2.1464723692315735,0.2611588744318032,0.0032881516997362906,1.1970366287479075,1.9259046183007873,8.731578438704458,8192.0,0.006619603373110294,267.66552734375
cnn-9,cifar10,rand,50,rayleigh-zf,SNR=10.0dB,frob,01,0.899,1.4802168932973487,0.9274143503660279,0.0032881516997362906,1.1970366287479075,0.5812168932973487,0.6465148979948261,8192.0,0.006619603373110294,267.66552734375
cnn-9,cifar10,learnt,20,rayleigh-zf,SNR=10.0dB,spec,ce,0.10490686893463134,3.7289535833316774,0.11487997961203708,0.03487472932019379,3.346910081597443,3.624046714397046,34.5453710629304,8192.0,0.07020870596170425,748.391845703125
cnn-9,cifar10,learnt,20,rayleigh-zf,SNR=10.0dB,spec,01,0.3813,3.5153980289475757,0.3284355339961387,0.03487472932019379,3.346910081597443,3.1340980289475757,8.21950702582632,8192.0,0.07020870596170425,748.391845703125
cnn-9,cifar10,learnt,20,bec,outage=0.1,frob,ce,0.07642717957496643,3.737416047593392,0.1148897754081969,0.04351871714733184,3.346910081597443,3.6609888680184257,47.90166127257658,8192.0,0.0015182452043518424,748.391845703125
cnn-9,cifar10,learnt,20,bec,outage=0.1,frob,01,0.28290000000000004,3.5240518125708733,0.3282540104307153,0.04351871714733184,3.346910081597443,3.241151812570873,11.456881628034191,8192.0,0.0015182452043518424,748.391845703125
cnn-9,cifar10,learnt,20,bec,outage=0.5,frob,ce,0.08599846363067627,3.77215777376239,0.1148897754081969,0.07826044331633007,3.346910081597443,3.686159310131714,42.863083298349004,8192.0,0.0012209281558170915,748.391845703125
cnn-9,cifar10,learnt,20,bec,outage=0.5,frob,01,0.33620000000000005,3.5587935387398715,0.3282540104307153,0.07826044331633007,3.346910081597443,3.222593538739871,9.58534663515726,8192.0,0.0012209281558170915,748.391845703125
cnn-9,cifar10,learnt,20,rayleigh-zf,SNR=0.0dB,frob,ce,0.17119706869125367,3.7043639924630694,0.11487997961203708,0.0102851384515858,3.346910081597443,3.5331669237718155,20.638010631734154,8192.0,0.00654772249981761,748.391845703125
cnn-9,cifar10,learnt,20,rayleigh-zf,SNR=0.0dB,frob,01,0.5969,3.4908084380789677,0.3284355339961387,0.0102851384515858,3.346910081597443,2.8939084380789675,4.848229918041493,8192.0,0.00654772249981761,748.391845703125
cnn-9,cifar10,learnt,20,bec,outage=0.1,spec,ce,0.07642717957496643,3.7126367755810574,0.1148897754081969,0.018739445134997368,3.346910081597443,3.636209596006091,47.57744059414596,8192.0,0.018739445134997368,748.391845703125
cnn-9,cifar10,learnt,20,bec,outage=0.1,spec,01,0.28290000000000004,3.4992725405585388,0.3282540104307153,0.018739445134997368,3.346910081597443,3.2163725405585386,11.369291412366696,8192.0,0.018739445134997368,748.391845703125
cnn-9,cifar10,learnt,20,bec,outage=0.5,spec,ce,0.08599846363067627,3.7111001100967482,0.1148897754081969,0.01720277965068817,3.346910081597443,3.625101646466072,42.15309778130702,8192.0,0.01720277965068817,748.391845703125
cnn-9,cifar10,learnt,20,bec,outage=0.5,spec,01,0.33620000000000005,3.4977358750742296,0.3282540104307153,0.01720277965068817,3.346910081597443,3.1615358750742297,9.403735499923346,8192.0,0.01720277965068817,748.391845703125
cnn-9,cifar10,learnt,20,rayleigh-zf,SNR=0.0dB,spec,ce,0.17119706869125367,3.8082302347032537,0.11487997961203708,0.11415138069177012,3.346910081597443,3.637033166012,21.244716360016817,8192.0,0.07267102599143982,748.391845703125
cnn-9,cifar10,learnt,20,rayleigh-zf,SNR=0.0dB,spec,01,0.5969,3.594674680319152,0.3284355339961387,0.11415138069177012,3.346910081597443,2.997774680319152,5.0222393706134225,8192.0,0.07267102599143982,748.391845703125
cnn-9,cifar10,learnt,20,rayleigh-zf,SNR=10.0dB,frob,ce,0.10490686893463134,3.69736700571122,0.11487997961203708,0.0032881516997362906,3.346910081597443,3.5924601367765883,34.244279457192555,8192.0,0.006619603373110294,748.391845703125
cnn-9,cifar10,learnt,20,rayleigh-zf,SNR=10.0dB,frob,01,0.3813,3.483811451327118,0.3284355339961387,0.0032881516997362906,3.346910081597443,3.102511451327118,8.136667850320269,8192.0,0.006619603373110294,748.391845703125
cnn-4,mnist,rand,50,rayleigh-zf,SNR=10.0dB,frob,ce,0.030672910809516906,32.5430242968181,0.04403724233915782,0.007493070021794318,32.41448568186173,32.51235138600859,1059.9695473284185,9216.0,0.015084812417626381,7939.89501953125
cnn-4,mnist,rand,50,rayleigh-zf,SNR=10.0dB,frob,01,0.0958,32.48311702298369,0.10394451617356648,0.007493070021794318,32.41448568186173,32.387317022983694,338.07220274513253,9216.0,0.015084812417626381,7939.89501953125
cnn-4,mnist,rand,50,bec,outage=0.1,spec,ce,0.01727173775434494,32.58107936911404,0.044049513398171626,0.04550382122397423,32.41448568186173,32.5638076313597,1885.3810829294137,9216.0,0.04550382122397423,7939.89501953125
cnn-4,mnist,rand,50,bec,outage=0.1,spec,01,0.06030000000000002,32.521140045244884,0.1039888372673281,0.04550382122397423,32.41448568186173,32.460840045244886,538.322388810031,9216.0,0.04550382122397423,7939.89501953125
cnn-4,mnist,rand,50,bec,outage=0.5,spec,ce,0.035199794173240664,32.57848037935913,0.044049513398171626,0.04290483146905899,32.41448568186173,32.54328058518589,924.5304226785994,9216.0,0.04290483146905899,7939.89501953125
cnn-4,mnist,rand,50,bec,outage=0.5,spec,01,0.0877,32.51854105548997,0.1039888372673281,0.04290483146905899,32.41448568186173,32.43084105548997,369.79294247993124,9216.0,0.04290483146905899,7939.89501953125
cnn-4,mnist,rand,50,rayleigh-zf,SNR=0.0dB,spec,ce,0.1025737166404724,32.72411543463409,0.04403724233915782,0.18858420783778712,32.41448568186173,32.62154171799362,318.0302204738692,9216.0,0.12005643546581268,7939.89501953125
cnn-4,mnist,rand,50,rayleigh-zf,SNR=0.0dB,spec,01,0.23619999999999997,32.66420816079968,0.10394451617356648,0.18858420783778712,32.41448568186173,32.428008160799685,137.29046638780562,9216.0,0.12005643546581268,7939.89501953125
cnn-4,mnist,rand,50,bec,outage=0.1,frob,ce,0.01727173775434494,32.6682494953773,0.044049513398171626,0.13267394748723166,32.41448568186173,32.65097775762296,1890.428063580873,9216.0,0.004370036069303751,7939.89501953125
cnn-4,mnist,rand,50,bec,outage=0.1,frob,01,0.06030000000000002,32.608310171508144,0.1039888372673281,0.13267394748723166,32.41448568186173,32.548010171508146,539.7679962107485,9216.0,0.004370036069303751,7939.89501953125
cnn-4,mnist,rand,50,bec,outage=0.5,frob,ce,0.035199794173240664,32.72691754265724,0.044049513398171626,0.19134199476717295,32.41448568186173,32.691717748484,928.7474122032414,9216.0,0.0028321784920990467,7939.89501953125
cnn-4,mnist,rand,50,bec,outage=0.5,frob,01,0.0877,32.66697821878808,0.1039888372673281,0.19134199476717295,32.41448568186173,32.57927821878808,371.485498503855,9216.0,0.0028321784920990467,7939.89501953125
cnn-4,mnist,rand,50,rayleigh-zf,SNR=0.0dB,frob,ce,0.1025737166404724,32.55987260660962,0.04403724233915782,0.024341379813316084,32.41448568186173,32.45729888996915,316.4290029943451,9216.0,0.015496203675866127,7939.89501953125
cnn-4,mnist,rand,50,rayleigh-zf,SNR=0.0dB,frob,01,0.23619999999999997,32.49996533277521,0.10394451617356648,0.024341379813316084,32.41448568186173,32.263765332775215,136.59511148507713,9216.0,0.015496203675866127,7939.89501953125
cnn-4,mnist,rand,50,rayleigh-zf,SNR=10.0dB,spec,ce,0.030672910809516906,32.59314095636768,0.04403724233915782,0.05760972957137006,32.41448568186173,32.56246804555816,1061.6034535416502,9216.0,0.11597809195518494,7939.89501953125
cnn-4,mnist,rand,50,rayleigh-zf,SNR=10.0dB,spec,01,0.0958,32.533233682533265,0.10394451617356648,0.05760972957137006,32.41448568186173,32.43743368253327,338.59534115379194,9216.0,0.11597809195518494,7939.89501953125
cnn-4,mnist,learnt,50,rayleigh-zf,SNR=10.0dB,frob,ce,0.05104846358299255,0.6559601544874282,0.02074200689544637,0.007493070021794318,0.5983971453631353,0.6049116909044356,11.84975312569387,9216.0,0.015084812417626381,146.57676696777344
cnn-4,mnist,learnt,50,rayleigh-zf,SNR=10.0dB,frob,01,0.08420000000000005,0.6437332510413881,0.03296891034148644,0.007493070021794318,0.5983971453631353,0.5595332510413881,6.645288017118619,9216.0,0.015084812417626381,146.57676696777344
cnn-4,mnist,learnt,50,bec,outage=0.1,spec,ce,0.00411018580198288,0.6939626751682701,0.020736426766363183,0.04550382122397423,0.5983971453631353,0.6898524893662873,167.8397334333356,9216.0,0.04550382122397423,146.57676696777344
cnn-4,mnist,learnt,50,bec,outage=0.1,spec,01,0.012900000000000023,0.6817384221144849,0.032960679820148456,0.04550382122397423,0.5983971453631353,0.6688384221144849,51.847939698797184,9216.0,0.04550382122397423,146.57676696777344
cnn-4,mnist,learnt,50,bec,outage=0.5,spec,ce,0.005102596804499626,0.6913636854133549,0.020736426766363183,0.04290483146905899,0.5983971453631353,0.6862610886088553,134.49251722254232,9216.0,0.04290483146905899,146.57676696777344
cnn-4,mnist,learnt,50,bec,outage=0.5,spec,01,0.018299999999999983,0.6791394323595696,0.032960679820148456,0.04290483146905899,0.5983971453631353,0.6608394323595697,36.11144439123335,9216.0,0.04290483146905899,146.57676696777344
cnn-4,mnist,learnt,50,rayleigh-zf,SNR=0.0dB,spec,ce,0.22492551803588867,0.837051292303421,0.02074200689544637,0.18858420783778712,0.5983971453631353,0.6121257742675323,2.7214598841998123,9216.0,0.12005643546581268,146.57676696777344
cnn-4,mnist,learnt,50,rayleigh-zf,SNR=0.0dB,spec,01,0.3228,0.824824388857381,0.03296891034148644,0.18858420783778712,0.5983971453631353,0.502024388857381,1.5552180571789995,9216.0,0.12005643546581268,146.57676696777344
cnn-4,mnist,learnt,50,bec,outage=0.1,frob,ce,0.00411018580198288,0.7811328014315275,0.020736426766363183,0.13267394748723166,0.5983971453631353,0.7770226156295447,189.04805112573865,9216.0,0.004370036069303751,146.57676696777344
cnn-4,mnist,learnt,50,bec,outage=0.1,frob,01,0.012900000000000023,0.7689085483777423,0.032960679820148456,0.13267394748723166,0.5983971453631353,0.7560085483777422,58.605313827731855,9216.0,0.004370036069303751,146.57676696777344
cnn-4,mnist,learnt,50,bec,outage=0.5,frob,ce,0.005102596804499626,0.8398008487114689,0.020736426766363183,0.19134199476717295,0.5983971453631353,0.8346982519069692,163.58303112856316,9216.0,0.0028321784920990467,146.57676696777344
cnn-4,mnist,learnt,50,bec,outage=0.5,frob,01,0.018299999999999983,0.8275765956576836,0.032960679820148456,0.19134199476717295,0.5983971453631353,0.8092765956576836,44.222764790037395,9216.0,0.0028321784920990467,146.57676696777344
cnn-4,mnist,learnt,50,rayleigh-zf,SNR=0.0dB,frob,ce,0.22492551803588867,0.6728084642789499,0.02074200689544637,0.024341379813316084,0.5983971453631353,0.44788294624306124,1.9912500375862108,9216.0,0.015496203675866127,146.57676696777344
cnn-4,mnist,learnt,50,rayleigh-zf,SNR=0.0dB,frob,01,0.3228,0.6605815608329099,0.03296891034148644,0.024341379813316084,0.5983971453631353,0.3377815608329099,1.0464112789123603,9216.0,0.015496203675866127,146.57676696777344
cnn-4,mnist,learnt,50,rayleigh-zf,SNR=10.0dB,spec,ce,0.05104846358299255,0.706076814037004,0.02074200689544637,0.05760972957137006,0.5983971453631353,0.6550283504540114,12.831499803889152,9216.0,0.11597809195518494,146.57676696777344
cnn-4,mnist,learnt,50,rayleigh-zf,SNR=10.0dB,spec,01,0.08420000000000005,0.6938499105909639,0.03296891034148644,0.05760972957137006,0.5983971453631353,0.6096499105909639,7.240497750486502,9216.0,0.11597809195518494,146.57676696777344
fcn-4,mnist,learnt,20,rayleigh-zf,SNR=10.0dB,frob,ce,0.014593613147735596,0.34846318744060517,0.02896635319372828,0.007826982981243406,0.26903809024800723,0.33386957429286956,22.877787078018724,600.0,0.015757035464048386,65.90060424804688
fcn-4,mnist,learnt,20,rayleigh-zf,SNR=10.0dB,frob,01,0.035800000000000054,0.32293245518399105,0.05449708545034237,0.007826982981243406,0.26903809024800723,0.287132455183991,8.020459642010909,600.0,0.015757035464048386,65.90060424804688
fcn-4,mnist,learnt,20,bec,outage=0.1,spec,ce,0.008122899383306504,0.4119819707525387,0.028971681264870108,0.07137268781661987,0.26903809024800723,0.40385907136923216,49.71858597672762,600.0,0.07137268781661987,65.90060424804688
fcn-4,mnist,learnt,20,bec,outage=0.1,spec,01,0.02629999999999999,0.38648348809050936,0.054470163926899406,0.07137268781661987,0.26903809024800723,0.3601834880905094,13.695189661236103,600.0,0.07137268781661987,65.90060424804688
fcn-4,mnist,learnt,20,bec,outage=0.5,spec,ce,0.010514961183071136,0.4112993858111515,0.028971681264870108,0.0706901028752327,0.26903809024800723,0.40078442462808034,38.11563520304143,600.0,0.0706901028752327,65.90060424804688
fcn-4,mnist,learnt,20,bec,outage=0.5,spec,01,0.03320000000000001,0.3858009031491222,0.054470163926899406,0.0706901028752327,0.26903809024800723,0.3526009031491222,10.620509130997654,600.0,0.0706901028752327,65.90060424804688
fcn-4,mnist,learnt,20,rayleigh-zf,SNR=0.0dB,spec,ce,0.05917095541954041,0.5233195040092045,0.02896635319372828,0.18268329954984266,0.26903809024800723,0.46414854858966403,7.844195607434544,600.0,0.11629980057477951,65.90060424804688
fcn-4,mnist,learnt,20,rayleigh-zf,SNR=0.0dB,spec,01,0.10629999999999995,0.4977887717525903,0.05449708545034237,0.18268329954984266,0.26903809024800723,0.39148877175259034,3.682867090805179,600.0,0.11629980057477951,65.90060424804688
fcn-4,mnist,learnt,20,bec,outage=0.1,frob,ce,0.008122899383306504,0.40761455083516585,0.028971681264870108,0.06700526789924707,0.26903809024800723,0.39949165145185933,49.180918364304844,600.0,0.008666250854730606,65.90060424804688
fcn-4,mnist,learnt,20,bec,outage=0.1,frob,01,0.02629999999999999,0.3821160681731366,0.054470163926899406,0.06700526789924707,0.26903809024800723,0.3558160681731366,13.529128067419649,600.0,0.008666250854730606,65.90060424804688
fcn-4,mnist,learnt,20,bec,outage=0.5,frob,ce,0.010514961183071136,0.48155192017305287,0.028971681264870108,0.14094263723713407,0.26903809024800723,0.4710369589899817,44.796832892577974,600.0,0.008137560449540615,65.90060424804688
fcn-4,mnist,learnt,20,bec,outage=0.5,frob,01,0.03320000000000001,0.45605343751102356,0.054470163926899406,0.14094263723713407,0.26903809024800723,0.42285343751102356,12.736549322621189,600.0,0.008137560449540615,65.90060424804688
fcn-4,mnist,learnt,20,rayleigh-zf,SNR=0.0dB,frob,ce,0.05917095541954041,0.36629837693470807,0.02896635319372828,0.025662172475346284,0.26903809024800723,0.30712742151516764,5.190509758335641,600.0,0.016337046399712563,65.90060424804688
fcn-4,mnist,learnt,20,rayleigh-zf,SNR=0.0dB,frob,01,0.10629999999999995,0.34076764467809395,0.05449708545034237,0.025662172475346284,0.26903809024800723,0.234467644678094,2.205716318702673,600.0,0.016337046399712563,65.90060424804688
fcn-4,mnist,learnt,20,rayleigh-zf,SNR=10.0dB,spec,ce,0.014593613147735596,0.398065887850639,0.02896635319372828,0.05742968339127726,0.26903809024800723,0.3834722747029034,26.276719193588086,600.0,0.11561562865972519,65.90060424804688
fcn-4,mnist,learnt,20,rayleigh-zf,SNR=10.0dB,spec,01,0.035800000000000054,0.3725351555940249,0.05449708545034237,0.05742968339127726,0.26903809024800723,0.33673515559402484,9.406009932793976,600.0,0.11561562865972519,65.90060424804688
cnn-4,mnist,rand,10,rayleigh-zf,SNR=10.0dB,frob,ce,0.06066135764122009,10.70185116040257,0.0868166589106249,0.007493070021794318,10.437760588844048,10.641189802761351,175.4195787324506,9216.0,0.015084812417626381,2556.71875
cnn-4,mnist,rand,10,rayleigh-zf,SNR=10.0dB,frob,01,0.21120000000000005,10.54917134653748,0.2394964727757157,0.007493070021794318,10.437760588844048,10.337971346537481,48.94872796656003,9216.0,0.015084812417626381,2556.71875
cnn-4,mnist,rand,10,bec,outage=0.1,spec,ce,0.049273240566253665,10.73986032960587,0.08680293317263732,0.04550382122397423,10.437760588844048,10.690587089039616,216.96537443411833,9216.0,0.04550382122397423,2556.71875
cnn-4,mnist,rand,10,bec,outage=0.1,spec,01,0.17920000000000003,10.587168372001672,0.23949489077683483,0.04550382122397423,10.437760588844048,10.407968372001672,58.08018064733076,9216.0,0.04550382122397423,2556.71875
cnn-4,mnist,rand,10,bec,outage=0.5,spec,ce,0.07431278228759766,10.737261339850955,0.08680293317263732,0.04290483146905899,10.437760588844048,10.662948557563357,143.4874086169552,9216.0,0.04290483146905899,2556.71875
cnn-4,mnist,rand,10,bec,outage=0.5,spec,01,0.2419,10.584569382246757,0.23949489077683483,0.04290483146905899,10.437760588844048,10.342669382246758,42.75597098903165,9216.0,0.04290483146905899,2556.71875
cnn-4,mnist,rand,10,rayleigh-zf,SNR=0.0dB,spec,ce,0.12507401704788207,10.882942298218563,0.0868166589106249,0.18858420783778712,10.437760588844048,10.75786828117068,86.01201540566372,9216.0,0.12005643546581268,2556.71875
cnn-4,mnist,rand,10,rayleigh-zf,SNR=0.0dB,spec,01,0.3367,10.730262484353473,0.2394964727757157,0.18858420783778712,10.437760588844048,10.393562484353472,30.86891144744126,9216.0,0.12005643546581268,2556.71875
cnn-4,mnist,rand,10,bec,outage=0.1,frob,ce,0.049273240566253665,10.827030455869128,0.08680293317263732,0.13267394748723166,10.437760588844048,10.777757215302874,218.73449140839259,9216.0,0.004370036069303751,2556.71875
cnn-4,mnist,rand,10,bec,outage=0.1,frob,01,0.17920000000000003,10.67433849826493,0.23949489077683483,0.13267394748723166,10.437760588844048,10.49513849826493,58.566621084067684,9216.0,0.004370036069303751,2556.71875
cnn-4,mnist,rand,10,bec,outage=0.5,frob,ce,0.07431278228759766,10.885698503149069,0.08680293317263732,0.19134199476717295,10.437760588844048,10.811385720861471,145.48487336970322,9216.0,0.0028321784920990467,2556.71875
cnn-4,mnist,rand,10,bec,outage=0.5,frob,01,0.2419,10.733006545544871,0.23949489077683483,0.19134199476717295,10.437760588844048,10.491106545544872,43.36960126310406,9216.0,0.0028321784920990467,2556.71875
cnn-4,mnist,rand,10,rayleigh-zf,SNR=0.0dB,frob,ce,0.12507401704788207,10.718699470194093,0.0868166589106249,0.024341379813316084,10.437760588844048,10.59362545314621,84.69885035427185,9216.0,0.015496203675866127,2556.71875
cnn-4,mnist,rand,10,rayleigh-zf,SNR=0.0dB,frob,01,0.3367,10.566019656329003,0.2394964727757157,0.024341379813316084,10.437760588844048,10.229319656329002,30.381109760406897,9216.0,0.015496203675866127,2556.71875
cnn-4,mnist,rand,10,rayleigh-zf,SNR=10.0dB,spec,ce,0.06066135764122009,10.751967819952146,0.0868166589106249,0.05760972957137006,10.437760588844048,10.691306462310926,176.24574981562992,9216.0,0.11597809195518494,2556.71875
cnn-4,mnist,rand,10,rayleigh-zf,SNR=10.0dB,spec,01,0.21120000000000005,10.599288006087056,0.2394964727757157,0.05760972957137006,10.437760588844048,10.388088006087056,49.186022756094005,9216.0,0.11597809195518494,2556.71875
cnn-9,cifar10,learnt,10,rayleigh-zf,SNR=10.0dB,spec,ce,0.10640273094177247,2.1966555946165665,0.12351594843040735,0.03487472932019379,1.8035487769584162,2.090252863674794,19.64472946487302,8192.0,0.07020870596170425,403.2857666015625
cnn-9,cifar10,learnt,10,rayleigh-zf,SNR=10.0dB,spec,01,0.3752,1.9806726931269194,0.3394988499200545,0.03487472932019379,1.8035487769584162,1.6054726931269194,4.278978393195414,8192.0,0.07020870596170425,403.2857666015625
cnn-9,cifar10,learnt,10,bec,outage=0.1,frob,ce,0.08180580139160157,2.2050740508478435,0.12353750562684003,0.04351871714733184,1.8035487769584162,2.123268249456242,25.954983795002867,8192.0,0.0015182452043518424,403.2857666015625
cnn-9,cifar10,learnt,10,bec,outage=0.1,frob,01,0.2921,1.98933823815049,0.3392733183241933,0.04351871714733184,1.8035487769584162,1.69723823815049,5.810469832764429,8192.0,0.0015182452043518424,403.2857666015625
cnn-9,cifar10,learnt,10,bec,outage=0.5,frob,ce,0.08701789975166321,2.2398157770168416,0.12353750562684003,0.07826044331633007,1.8035487769584162,2.1527978772651784,24.739713132688323,8192.0,0.0012209281558170915,403.2857666015625
cnn-9,cifar10,learnt,10,bec,outage=0.5,frob,01,0.3418,2.0240799643194882,0.3392733183241933,0.07826044331633007,1.8035487769584162,1.6822799643194881,4.9218255246327915,8192.0,0.0012209281558170915,403.2857666015625
cnn-9,cifar10,learnt,10,rayleigh-zf,SNR=0.0dB,frob,ce,0.1658778190612793,2.1720660037479584,0.12351594843040735,0.0102851384515858,1.8035487769584162,2.006188184686679,12.09437281030048,8192.0,0.00654772249981761,403.2857666015625
cnn-9,cifar10,learnt,10,rayleigh-zf,SNR=0.0dB,frob,01,0.5798,1.9560831022583114,0.3394988499200545,0.0102851384515858,1.8035487769584162,1.3762831022583115,2.3737204247297545,8192.0,0.00654772249981761,403.2857666015625
cnn-9,cifar10,learnt,10,bec,outage=0.1,spec,ce,0.08180580139160157,2.180294778835509,0.12353750562684003,0.018739445134997368,1.8035487769584162,2.0984889774439073,25.652080191703185,8192.0,0.018739445134997368,403.2857666015625
cnn-9,cifar10,learnt,10,bec,outage=0.1,spec,01,0.2921,1.9645589661381555,0.3392733183241933,0.018739445134997368,1.8035487769584162,1.6724589661381555,5.725638364047091,8192.0,0.018739445134997368,403.2857666015625
cnn-9,cifar10,learnt,10,bec,outage=0.5,spec,ce,0.08701789975166321,2.1787581133511997,0.12353750562684003,0.01720277965068817,1.8035487769584162,2.0917402135995364,24.038045270789887,8192.0,0.01720277965068817,403.2857666015625
cnn-9,cifar10,learnt,10,bec,outage=0.5,spec,01,0.3418,1.9630223006538463,0.3392733183241933,0.01720277965068817,1.8035487769584162,1.6212223006538462,4.743189879034073,8192.0,0.01720277965068817,403.2857666015625
cnn-9,cifar10,learnt,10,rayleigh-zf,SNR=0.0dB,spec,ce,0.1658778190612793,2.275932245988143,0.12351594843040735,0.11415138069177012,1.8035487769584162,2.1100544269268635,12.72053393797852,8192.0,0.07267102599143982,403.2857666015625
cnn-9,cifar10,learnt,10,rayleigh-zf,SNR=0.0dB,spec,01,0.5798,2.0599493444984955,0.3394988499200545,0.11415138069177012,1.8035487769584162,1.4801493444984954,2.552861925661427,8192.0,0.07267102599143982,403.2857666015625
cnn-9,cifar10,learnt,10,rayleigh-zf,SNR=10.0dB,frob,ce,0.10640273094177247,2.165069016996109,0.12351594843040735,0.0032881516997362906,1.8035487769584162,2.0586662860543363,19.347870753250827,8192.0,0.006619603373110294,403.2857666015625
cnn-9,cifar10,learnt,10,rayleigh-zf,SNR=10.0dB,frob,01,0.3752,1.9490861155064618,0.3394988499200545,0.0032881516997362906,1.8035487769584162,1.5738861155064618,4.194792418727244,8192.0,0.006619603373110294,403.2857666015625
cnn-9,cifar10,learnt,50,rayleigh-zf,SNR=10.0dB,spec,ce,0.10414083003997802,7.657076217168736,0.10538142456868949,0.03487472932019379,7.297488639995532,7.552935387128758,72.52616849922653,8192.0,0.07020870596170425,1631.76806640625
cnn-9,cifar10,learnt,50,rayleigh-zf,SNR=10.0dB,spec,01,0.3829,7.456478032302317,0.3059796094351085,0.03487472932019379,7.297488639995532,7.073578032302317,18.473695566211326,8192.0,0.07020870596170425,1631.76806640625
cnn-9,cifar10,learnt,50,bec,outage=0.1,frob,ce,0.0720065176486969,7.665559470547203,0.1053844420140904,0.04351871714733184,7.297488639995532,7.593552952898506,105.45646700963502,8192.0,0.0015182452043518424,1631.76806640625
cnn-9,cifar10,learnt,50,bec,outage=0.1,frob,01,0.26680000000000004,7.465125037574856,0.30581887498643767,0.04351871714733184,7.297488639995532,7.198325037574856,26.980228776517446,8192.0,0.0015182452043518424,1631.76806640625
cnn-9,cifar10,learnt,50,bec,outage=0.5,frob,ce,0.08234166502952575,7.700301196716201,0.1053844420140904,0.07826044331633007,7.297488639995532,7.617959531686675,92.51646209674115,8192.0,0.0012209281558170915,1631.76806640625
cnn-9,cifar10,learnt,50,bec,outage=0.5,frob,01,0.3238,7.499866763743854,0.30581887498643767,0.07826044331633007,7.297488639995532,7.1760667637438535,22.16203447728182,8192.0,0.0012209281558170915,1631.76806640625
cnn-9,cifar10,learnt,50,rayleigh-zf,SNR=0.0dB,frob,ce,0.1754888892173767,7.632486626300128,0.10538142456868949,0.0102851384515858,7.297488639995532,7.456997737082752,42.49270577948572,8192.0,0.00654772249981761,1631.76806640625
cnn-9,cifar10,learnt,50,rayleigh-zf,SNR=0.0dB,frob,01,0.6052,7.431888441433709,0.3059796094351085,0.0102851384515858,7.297488639995532,6.826688441433709,11.280053604483989,8192.0,0.00654772249981761,1631.76806640625
cnn-9,cifar10,learnt,50,bec,outage=0.1,spec,ce,0.0720065176486969,7.640780198534869,0.1053844420140904,0.018739445134997368,7.297488639995532,7.568773680886172,105.11234160513725,8192.0,0.018739445134997368,1631.76806640625
cnn-9,cifar10,learnt,50,bec,outage=0.1,spec,01,0.26680000000000004,7.440345765562522,0.30581887498643767,0.018739445134997368,7.297488639995532,7.173545765562522,26.88735294438726,8192.0,0.018739445134997368,1631.76806640625
cnn-9,cifar10,learnt,50,bec,outage=0.5,spec,ce,0.08234166502952575,7.63924353305056,0.1053844420140904,0.01720277965068817,7.297488639995532,7.556901868021034,91.77494607755757,8192.0,0.01720277965068817,1631.76806640625
cnn-9,cifar10,learnt,50,bec,outage=0.5,spec,01,0.3238,7.438809100078212,0.30581887498643767,0.01720277965068817,7.297488639995532,7.115009100078212,21.973468499315047,8192.0,0.01720277965068817,1631.76806640625
cnn-9,cifar10,learnt,50,rayleigh-zf,SNR=0.0dB,spec,ce,0.1754888892173767,7.736352868540313,0.10538142456868949,0.11415138069177012,7.297488639995532,7.560863979322936,43.08457369034545,8192.0,0.07267102599143982,1631.76806640625
cnn-9,cifar10,learnt,50,rayleigh-zf,SNR=0.0dB,spec,01,0.6052,7.535754683673893,0.3059796094351085,0.11415138069177012,7.297488639995532,6.930554683673893,11.451676608846487,8192.0,0.07267102599143982,1631.76806640625
cnn-9,cifar10,learnt,50,rayleigh-zf,SNR=10.0dB,frob,ce,0.10414083003997802,7.625489639548279,0.10538142456868949,0.0032881516997362906,7.297488639995532,7.521348809508301,72.22286212449981,8192.0,0.006619603373110294,1631.76806640625
cnn-9,cifar10,learnt,50,rayleigh-zf,SNR=10.0dB,frob,01,0.3829,7.42489145468186,0.3059796094351085,0.0032881516997362906,7.297488639995532,7.04199145468186,18.39120254552588,8192.0,0.006619603373110294,1631.76806640625
cnn-4,mnist,learnt,10,rayleigh-zf,SNR=10.0dB,frob,ce,0.04354698061943054,0.11593759406303387,0.02381898301377575,0.007493070021794318,0.05537898400904053,0.07239061344360334,1.6623566643172236,9216.0,0.015084812417626381,13.565025329589844
cnn-4,mnist,learnt,10,rayleigh-zf,SNR=10.0dB,frob,01,0.06920000000000004,0.10379206580562275,0.03596451127118688,0.007493070021794318,0.05537898400904053,0.03459206580562271,0.4998853440118886,9216.0,0.015084812417626381,13.565025329589844
cnn-4,mnist,learnt,10,bec,outage=0.1,spec,ce,0.004942094907164574,0.1539604043519248,0.023808342436290597,0.04550382122397423,0.05537898400904053,0.14901830944476022,30.15286275233764,9216.0,0.04550382122397423,13.565025329589844
cnn-4,mnist,learnt,10,bec,outage=0.1,spec,01,0.013499999999999956,0.1417921764303175,0.035976570357897884,0.04550382122397423,0.05537898400904053,0.12829217643031754,9.503124180023551,9216.0,0.04550382122397423,13.565025329589844
cnn-4,mnist,learnt,10,bec,outage=0.5,spec,ce,0.005353602021932602,0.15136141459700955,0.023808342436290597,0.04290483146905899,0.05537898400904053,0.14600781257507695,27.272817810683925,9216.0,0.04290483146905899,13.565025329589844
cnn-4,mnist,learnt,10,bec,outage=0.5,spec,01,0.018199999999999994,0.13919318667540226,0.035976570357897884,0.04290483146905899,0.05537898400904053,0.12099318667540226,6.64797728985727,9216.0,0.04290483146905899,13.565025329589844
cnn-4,mnist,learnt,10,rayleigh-zf,SNR=0.0dB,spec,ce,0.19968565702438354,0.2970287318790267,0.02381898301377575,0.18858420783778712,0.05537898400904053,0.09734307485464314,0.4874815562880243,9216.0,0.12005643546581268,13.565025329589844
cnn-4,mnist,learnt,10,rayleigh-zf,SNR=0.0dB,spec,01,0.2764,0.28488320362161557,0.03596451127118688,0.18858420783778712,0.05537898400904053,0.008483203621615587,0.030691764188189537,9216.0,0.12005643546581268,13.565025329589844
cnn-4,mnist,learnt,10,bec,outage=0.1,frob,ce,0.004942094907164574,0.24113053061518222,0.023808342436290597,0.13267394748723166,0.05537898400904053,0.23618843570801765,47.79115742306251,9216.0,0.004370036069303751,13.565025329589844
cnn-4,mnist,learnt,10,bec,outage=0.1,frob,01,0.013499999999999956,0.22896230269357493,0.035976570357897884,0.13267394748723166,0.05537898400904053,0.21546230269357497,15.960170569894494,9216.0,0.004370036069303751,13.565025329589844
cnn-4,mnist,learnt,10,bec,outage=0.5,frob,ce,0.005353602021932602,0.29979857789512354,0.023808342436290597,0.19134199476717295,0.05537898400904053,0.29444497587319096,54.999414350732586,9216.0,0.0028321784920990467,13.565025329589844
cnn-4,mnist,learnt,10,bec,outage=0.5,frob,01,0.018199999999999994,0.2876303499735162,0.035976570357897884,0.19134199476717295,0.05537898400904053,0.2694303499735162,14.803865383160238,9216.0,0.0028321784920990467,13.565025329589844
cnn-4,mnist,learnt,10,rayleigh-zf,SNR=0.0dB,frob,ce,0.19968565702438354,0.13278590385455563,0.02381898301377575,0.024341379813316084,0.05537898400904053,-0.06689975316982791,-0.33502533014506297,9216.0,0.015496203675866127,13.565025329589844
cnn-4,mnist,learnt,10,rayleigh-zf,SNR=0.0dB,frob,01,0.2764,0.12064037559714452,0.03596451127118688,0.024341379813316084,0.05537898400904053,-0.15575962440285546,-0.5635297554372485,9216.0,0.015496203675866127,13.565025329589844
cnn-4,mnist,learnt,10,rayleigh-zf,SNR=10.0dB,spec,ce,0.04354698061943054,0.16605425361260961,0.02381898301377575,0.05760972957137006,0.05537898400904053,0.12250727299317907,2.813220830711663,9216.0,0.11597809195518494,13.565025329589844
cnn-4,mnist,learnt,10,rayleigh-zf,SNR=10.0dB,spec,01,0.06920000000000004,0.1539087253551985,0.03596451127118688,0.05760972957137006,0.05537898400904053,0.08470872535519847,1.2241145282543124,9216.0,0.11597809195518494,13.565025329589844
cnn-4,mnist,rand,20,rayleigh-zf,SNR=10.0dB,frob,ce,0.04795385599136352,17.301990538538043,0.06834442086004701,0.007493070021794318,17.099200570099093,17.25403668254668,359.80499014832355,9216.0,0.015084812417626381,4188.431640625
cnn-4,mnist,rand,20,rayleigh-zf,SNR=10.0dB,frob,01,0.1582,17.192139089741943,0.1781958696561441,0.007493070021794318,17.099200570099093,17.033939089741942,107.67344557359002,9216.0,0.015084812417626381,4188.431640625
cnn-4,mnist,rand,20,bec,outage=0.1,spec,ce,0.034809866547584535,17.339981856916943,0.06834580176972695,0.04550382122397423,17.099200570099093,17.30517199036936,497.1341089950306,9216.0,0.04550382122397423,4188.431640625
cnn-4,mnist,rand,20,bec,outage=0.1,spec,01,0.125,17.230151221853802,0.17817643683286755,0.04550382122397423,17.099200570099093,17.105151221853802,136.84120977483042,9216.0,0.04550382122397423,4188.431640625
cnn-4,mnist,rand,20,bec,outage=0.5,spec,ce,0.05736095905303955,17.337382867162027,0.06834580176972695,0.04290483146905899,17.099200570099093,17.28002190810899,301.2505751887934,9216.0,0.04290483146905899,4188.431640625
cnn-4,mnist,rand,20,bec,outage=0.5,spec,01,0.16920000000000002,17.227552232098887,0.17817643683286755,0.04290483146905899,17.099200570099093,17.058352232098887,100.81768458687284,9216.0,0.04290483146905899,4188.431640625
cnn-4,mnist,rand,20,rayleigh-zf,SNR=0.0dB,spec,ce,0.11968958377838135,17.483081676354036,0.06834442086004701,0.18858420783778712,17.099200570099093,17.363392092575655,145.070201971175,9216.0,0.12005643546581268,4188.431640625
cnn-4,mnist,rand,20,rayleigh-zf,SNR=0.0dB,spec,01,0.2966,17.373230227557936,0.1781958696561441,0.18858420783778712,17.099200570099093,17.076630227557935,57.5746130396424,9216.0,0.12005643546581268,4188.431640625
cnn-4,mnist,rand,20,bec,outage=0.1,frob,ce,0.034809866547584535,17.4271519831802,0.06834580176972695,0.13267394748723166,17.099200570099093,17.392342116632616,499.63828769230014,9216.0,0.004370036069303751,4188.431640625
cnn-4,mnist,rand,20,bec,outage=0.1,frob,01,0.125,17.31732134811706,0.17817643683286755,0.13267394748723166,17.099200570099093,17.19232134811706,137.53857078493647,9216.0,0.004370036069303751,4188.431640625
cnn-4,mnist,rand,20,bec,outage=0.5,frob,ce,0.05736095905303955,17.48582003046014,0.06834580176972695,0.19134199476717295,17.099200570099093,17.4284590714071,303.8383485759304,9216.0,0.0028321784920990467,4188.431640625
cnn-4,mnist,rand,20,bec,outage=0.5,frob,01,0.16920000000000002,17.375989395397,0.17817643683286755,0.19134199476717295,17.099200570099093,17.206789395397,101.69497278603427,9216.0,0.0028321784920990467,4188.431640625
cnn-4,mnist,rand,20,rayleigh-zf,SNR=0.0dB,frob,ce,0.11968958377838135,17.318838848329563,0.06834442086004701,0.024341379813316084,17.099200570099093,17.19914926455118,143.69796202481018,9216.0,0.015496203675866127,4188.431640625
cnn-4,mnist,rand,20,rayleigh-zf,SNR=0.0dB,frob,01,0.2966,17.208987399533463,0.1781958696561441,0.024341379813316084,17.099200570099093,16.91238739953346,57.02086109080736,9216.0,0.015496203675866127,4188.431640625
cnn-4,mnist,rand,20,rayleigh-zf,SNR=10.0dB,spec,ce,0.04795385599136352,17.35210719808762,0.06834442086004701,0.05760972957137006,17.099200570099093,17.304153342096257,360.85009191362485,9216.0,0.11597809195518494,4188.431640625
cnn-4,mnist,rand,20,rayleigh-zf,SNR=10.0dB,spec,01,0.1582,17.24225574929152,0.1781958696561441,0.05760972957137006,17.099200570099093,17.08405574929152,107.99023861751908,9216.0,0.11597809195518494,4188.431640625
cnn-9,cifar10,rand,20,rayleigh-zf,SNR=10.0dB,spec,ce,0.21103496551513673,1.2723836554986168,0.2632211443320128,0.03487472932019379,0.28133321818717905,1.06134868998348,5.029255163440457,8192.0,0.07020870596170425,62.90802001953125
cnn-9,cifar10,rand,20,rayleigh-zf,SNR=10.0dB,spec,01,0.8972,0.5981623302572875,0.9374424695733419,0.03487472932019379,0.28133321818717905,-0.2990376697427125,-0.3333010139798401,8192.0,0.07020870596170425,62.90802001953125
cnn-9,cifar10,rand,20,bec,outage=0.1,frob,ce,0.1998121738433838,1.281022650097896,0.26322121302913193,0.04351871714733184,0.28133321818717905,1.0812104762545123,5.411134143918496,8192.0,0.0015182452043518424,62.90802001953125
cnn-9,cifar10,rand,20,bec,outage=0.1,frob,01,0.889,0.6068063867815446,0.9374374763454832,0.04351871714733184,0.28133321818717905,-0.2821936132184554,-0.3174281363537181,8192.0,0.0015182452043518424,62.90802001953125
cnn-9,cifar10,rand,20,bec,outage=0.5,frob,ce,0.19983004331588744,1.3157643762668942,0.26322121302913193,0.07826044331633007,0.28133321818717905,1.1159343329510067,5.584417209913524,8192.0,0.0012209281558170915,62.90802001953125
cnn-9,cifar10,rand,20,bec,outage=0.5,frob,01,0.8906000000000001,0.6415481129505429,0.9374374763454832,0.07826044331633007,0.28133321818717905,-0.24905188704945713,-0.27964505619745916,8192.0,0.0012209281558170915,62.90802001953125
cnn-9,cifar10,rand,20,rayleigh-zf,SNR=0.0dB,frob,ce,0.26016113758087156,1.2477940646300087,0.2632211443320128,0.0102851384515858,0.28133321818717905,0.9876329270491372,3.7962354263696656,8192.0,0.00654772249981761,62.90802001953125
cnn-9,cifar10,rand,20,rayleigh-zf,SNR=0.0dB,frob,01,0.8996,0.5735727393886796,0.9374424695733419,0.0102851384515858,0.28133321818717905,-0.32602726061132037,-0.3624135844945758,8192.0,0.00654772249981761,62.90802001953125
cnn-9,cifar10,rand,20,bec,outage=0.1,spec,ce,0.1998121738433838,1.2562433780855615,0.26322121302913193,0.018739445134997368,0.28133321818717905,1.0564312042421777,5.287121319596006,8192.0,0.018739445134997368,62.90802001953125
cnn-9,cifar10,rand,20,bec,outage=0.1,spec,01,0.889,0.5820271147692102,0.9374374763454832,0.018739445134997368,0.28133321818717905,-0.3069728852307898,-0.3453013332179863,8192.0,0.018739445134997368,62.90802001953125
cnn-9,cifar10,rand,20,bec,outage=0.5,spec,ce,0.19983004331588744,1.2547067126012523,0.26322121302913193,0.01720277965068817,0.28133321818717905,1.0548766692853648,5.278869241987985,8192.0,0.01720277965068817,62.90802001953125
cnn-9,cifar10,rand,20,bec,outage=0.5,spec,01,0.8906000000000001,0.580490449284901,0.9374374763454832,0.01720277965068817,0.28133321818717905,-0.31010955071509905,-0.3482029538682899,8192.0,0.01720277965068817,62.90802001953125
cnn-9,cifar10,rand,20,rayleigh-zf,SNR=0.0dB,spec,ce,0.26016113758087156,1.3516603068701931,0.2632211443320128,0.11415138069177012,0.28133321818717905,1.0914991692893214,4.195473541662336,8192.0,0.07267102599143982,62.90802001953125
cnn-9,cifar10,rand,20,rayleigh-zf,SNR=0.0dB,spec,01,0.8996,0.6774389816288638,0.9374424695733419,0.11415138069177012,0.28133321818717905,-0.2221610183711361,-0.24695533389410418,8192.0,0.07267102599143982,62.90802001953125
cnn-9,cifar10,rand,20,rayleigh-zf,SNR=10.0dB,frob,ce,0.21103496551513673,1.2407970778781592,0.2632211443320128,0.0032881516997362906,0.28133321818717905,1.0297621123630225,4.879580546519253,8192.0,0.006619603373110294,62.90802001953125
cnn-9,cifar10,rand,20,rayleigh-zf,SNR=10.0dB,frob,01,0.8972,0.56657575263683,0.9374424695733419,0.0032881516997362906,0.28133321818717905,-0.33062424736317,-0.36850674026211544,8192.0,0.006619603373110294,62.90802001953125
cnn-4,mnist,learnt,20,rayleigh-zf,SNR=10.0dB,frob,ce,0.04568192958831787,0.21877300302701844,0.022776249901156998,0.007493070021794318,0.15921977666038112,0.17309107343870056,3.7890490834906574,9216.0,0.015084812417626381,39.0007209777832
cnn-4,mnist,learnt,20,rayleigh-zf,SNR=10.0dB,frob,01,0.07320000000000004,0.2065901253443446,0.03495912758383085,0.007493070021794318,0.15921977666038112,0.13339012534434455,1.8222694719172743,9216.0,0.015084812417626381,39.0007209777832
cnn-4,mnist,learnt,20,bec,outage=0.1,spec,ce,0.004669194296002388,0.2567816300773114,0.022766675829852832,0.04550382122397423,0.15921977666038112,0.25211243578130904,53.99484788995812,9216.0,0.04550382122397423,39.0007209777832
cnn-4,mnist,learnt,20,bec,outage=0.1,spec,01,0.01319999999999999,0.24459130247522035,0.034957003431943925,0.04550382122397423,0.15921977666038112,0.23139130247522036,17.529644126910647,9216.0,0.04550382122397423,39.0007209777832
cnn-4,mnist,learnt,20,bec,outage=0.5,spec,ce,0.0052247907966375354,0.2541826403223962,0.022766675829852832,0.04290483146905899,0.15921977666038112,0.24895784952575864,47.649343144222705,9216.0,0.04290483146905899,39.0007209777832
cnn-4,mnist,learnt,20,bec,outage=0.5,spec,01,0.017900000000000027,0.2419923127203051,0.034957003431943925,0.04290483146905899,0.15921977666038112,0.22409231272030508,12.519123615659483,9216.0,0.04290483146905899,39.0007209777832
cnn-4,mnist,learnt,20,rayleigh-zf,SNR=0.0dB,spec,ce,0.20756938457489013,0.39986414084301125,0.022776249901156998,0.18858420783778712,0.15921977666038112,0.19229475626812112,0.9264119400939015,9216.0,0.12005643546581268,39.0007209777832
cnn-4,mnist,learnt,20,rayleigh-zf,SNR=0.0dB,spec,01,0.28959999999999997,0.3876812631603374,0.03495912758383085,0.18858420783778712,0.15921977666038112,0.09808126316033744,0.338678394890668,9216.0,0.12005643546581268,39.0007209777832
cnn-4,mnist,learnt,20,bec,outage=0.1,frob,ce,0.004669194296002388,0.34395175634056885,0.022766675829852832,0.13267394748723166,0.15921977666038112,0.33928256204456647,72.66404877069458,9216.0,0.004370036069303751,39.0007209777832
cnn-4,mnist,learnt,20,bec,outage=0.1,frob,01,0.01319999999999999,0.3317614287384778,0.034957003431943925,0.13267394748723166,0.15921977666038112,0.3185614287384778,24.133441571096824,9216.0,0.004370036069303751,39.0007209777832
cnn-4,mnist,learnt,20,bec,outage=0.5,frob,ce,0.0052247907966375354,0.40261980362051014,0.022766675829852832,0.19134199476717295,0.15921977666038112,0.39739501282387263,76.0595071250738,9216.0,0.0028321784920990467,39.0007209777832
cnn-4,mnist,learnt,20,bec,outage=0.5,frob,01,0.017900000000000027,0.39042947601841904,0.034957003431943925,0.19134199476717295,0.15921977666038112,0.372529476018419,20.811702570861367,9216.0,0.0028321784920990467,39.0007209777832
cnn-4,mnist,learnt,20,rayleigh-zf,SNR=0.0dB,frob,ce,0.20756938457489013,0.2356213128185402,0.022776249901156998,0.024341379813316084,0.15921977666038112,0.028051928243650076,0.135144825433199,9216.0,0.015496203675866127,39.0007209777832
cnn-4,mnist,learnt,20,rayleigh-zf,SNR=0.0dB,frob,01,0.28959999999999997,0.22343843513586636,0.03495912758383085,0.024341379813316084,0.15921977666038112,-0.0661615648641336,-0.22845844221040612,9216.0,0.015496203675866127,39.0007209777832
cnn-4,mnist,learnt,20,rayleigh-zf,SNR=10.0dB,spec,ce,0.04568192958831787,0.2688896625765942,0.022776249901156998,0.05760972957137006,0.15921977666038112,0.22320773298827631,4.886127512559292,9216.0,0.11597809195518494,39.0007209777832
cnn-4,mnist,learnt,20,rayleigh-zf,SNR=10.0dB,spec,01,0.07320000000000004,0.25670678489392035,0.03495912758383085,0.05760972957137006,0.15921977666038112,0.1835067848939203,2.506923290900549,9216.0,0.11597809195518494,39.0007209777832
fcn-4,mnist,learnt,50,rayleigh-zf,SNR=10.0dB,frob,ce,0.01420106440782547,0.9854853316104011,0.026661793159186476,0.007826982981243406,0.9093904469632474,0.9712842672025757,68.39517372143959,600.0,0.015757035464048386,222.75425720214844
fcn-4,mnist,learnt,50,rayleigh-zf,SNR=10.0dB,frob,01,0.035599999999999965,0.9609802518646894,0.05116687290489824,0.007826982981243406,0.9093904469632474,0.9253802518646894,25.993827299569954,600.0,0.015757035464048386,222.75425720214844
fcn-4,mnist,learnt,50,bec,outage=0.1,spec,ce,0.007454632967710495,1.0490616102026302,0.026670843572489285,0.07137268781661987,0.9093904469632474,1.0416069772349197,139.72612491407787,600.0,0.07137268781661987,222.75425720214844
fcn-4,mnist,learnt,50,bec,outage=0.1,spec,01,0.024599999999999955,1.0245350071133688,0.0511974466617509,0.07137268781661987,0.9093904469632474,0.9999350071133688,40.64776451680368,600.0,0.07137268781661987,222.75425720214844
fcn-4,mnist,learnt,50,bec,outage=0.5,spec,ce,0.010699467360973358,1.048379025261243,0.026670843572489285,0.0706901028752327,0.9093904469632474,1.0376795579002698,96.98422574615616,600.0,0.0706901028752327,222.75425720214844
fcn-4,mnist,learnt,50,bec,outage=0.5,spec,01,0.03249999999999997,1.0238524221719816,0.0511974466617509,0.0706901028752327,0.9093904469632474,0.9913524221719816,30.503151451445614,600.0,0.0706901028752327,222.75425720214844
fcn-4,mnist,learnt,50,rayleigh-zf,SNR=0.0dB,spec,ce,0.06096288561820984,1.1603416481790003,0.026661793159186476,0.18268329954984266,0.9093904469632474,1.0993787625607905,18.033574877767958,600.0,0.11629980057477951,222.75425720214844
fcn-4,mnist,learnt,50,rayleigh-zf,SNR=0.0dB,spec,01,0.11240000000000006,1.1358365684332887,0.05116687290489824,0.18268329954984266,0.9093904469632474,1.0234365684332887,9.105307548338862,600.0,0.11629980057477951,222.75425720214844
fcn-4,mnist,learnt,50,bec,outage=0.1,frob,ce,0.007454632967710495,1.0446941902852573,0.026670843572489285,0.06700526789924707,0.9093904469632474,1.0372395573175468,139.14025838834948,600.0,0.008666250854730606,222.75425720214844
fcn-4,mnist,learnt,50,bec,outage=0.1,frob,01,0.024599999999999955,1.0201675871959959,0.0511974466617509,0.06700526789924707,0.9093904469632474,0.9955675871959959,40.470227121788525,600.0,0.008666250854730606,222.75425720214844
fcn-4,mnist,learnt,50,bec,outage=0.5,frob,ce,0.010699467360973358,1.1186315596231444,0.026670843572489285,0.14094263723713407,0.9093904469632474,1.1079320922621712,103.55021001357396,600.0,0.008137560449540615,222.75425720214844
fcn-4,mnist,learnt,50,bec,outage=0.5,frob,01,0.03249999999999997,1.094104956533883,0.0511974466617509,0.14094263723713407,0.9093904469632474,1.061604956533883,32.66476789335027,600.0,0.008137560449540615,222.75425720214844
fcn-4,mnist,learnt,50,rayleigh-zf,SNR=0.0dB,frob,ce,0.06096288561820984,1.003320521104504,0.026661793159186476,0.025662172475346284,0.9093904469632474,0.9423576354862941,15.457890910675797,600.0,0.016337046399712563,222.75425720214844
fcn-4,mnist,learnt,50,rayleigh-zf,SNR=0.0dB,frob,01,0.11240000000000006,0.9788154413587923,0.05116687290489824,0.025662172475346284,0.9093904469632474,0.8664154413587922,7.708322432017721,600.0,0.016337046399712563,222.75425720214844
fcn-4,mnist,learnt,50,rayleigh-zf,SNR=10.0dB,spec,ce,0.01420106440782547,1.035088032020435,0.026661793159186476,0.05742968339127726,0.9093904469632474,1.0208869676126096,71.88805981684385,600.0,0.11561562865972519,222.75425720214844
fcn-4,mnist,learnt,50,rayleigh-zf,SNR=10.0dB,spec,01,0.035599999999999965,1.0105829522747232,0.05116687290489824,0.05742968339127726,0.9093904469632474,0.9749829522747232,27.38716158075068,600.0,0.11561562865972519,222.75425720214844
fcn-4,mnist,rand,20,rayleigh-zf,SNR=10.0dB,frob,ce,0.051655590534210205,22.10742476358372,0.07988700976848337,0.007826982981243406,21.864859479910987,22.05576917304951,426.97738899030736,600.0,0.015757035464048386,5355.77490234375
fcn-4,mnist,rand,20,rayleigh-zf,SNR=10.0dB,frob,01,0.18610000000000004,21.969674501421725,0.21763727193047622,0.007826982981243406,21.864859479910987,21.783574501421725,117.05306019033702,600.0,0.015757035464048386,5355.77490234375
fcn-4,mnist,rand,20,bec,outage=0.1,spec,ce,0.04489132761955261,22.170184772481,0.07959003183981436,0.07137268781661987,21.864859479910987,22.125293444861448,492.86342414218734,600.0,0.07137268781661987,5355.77490234375
fcn-4,mnist,rand,20,bec,outage=0.1,spec,01,0.16590000000000005,22.032923228328436,0.21685157599238142,0.07137268781661987,21.864859479910987,21.867023228328435,131.8084582780496,600.0,0.07137268781661987,5355.77490234375
fcn-4,mnist,rand,20,bec,outage=0.5,spec,ce,0.07217490077018737,22.169502187539614,0.07959003183981436,0.0706901028752327,21.864859479910987,22.097327286769428,306.1635977461152,600.0,0.0706901028752327,5355.77490234375
fcn-4,mnist,rand,20,bec,outage=0.5,spec,01,0.24350000000000005,22.03224064338705,0.21685157599238142,0.0706901028752327,21.864859479910987,21.788740643387047,89.48148108167163,600.0,0.0706901028752327,5355.77490234375
fcn-4,mnist,rand,20,rayleigh-zf,SNR=0.0dB,spec,ce,0.0980923593044281,22.28228108015232,0.07988700976848337,0.18268329954984266,21.864859479910987,22.184188720847892,226.15613364950894,600.0,0.11629980057477951,5355.77490234375
fcn-4,mnist,rand,20,rayleigh-zf,SNR=0.0dB,spec,01,0.28490000000000004,22.144530817990326,0.21763727193047622,0.18268329954984266,21.864859479910987,21.859630817990325,76.72738089852693,600.0,0.11629980057477951,5355.77490234375
fcn-4,mnist,rand,20,bec,outage=0.1,frob,ce,0.04489132761955261,22.16581735256363,0.07959003183981436,0.06700526789924707,21.864859479910987,22.120926024944076,492.7661354196442,600.0,0.008666250854730606,5355.77490234375
fcn-4,mnist,rand,20,bec,outage=0.1,frob,01,0.16590000000000005,22.028555808411063,0.21685157599238142,0.06700526789924707,21.864859479910987,21.862655808411063,131.78213266070557,600.0,0.008666250854730606,5355.77490234375
fcn-4,mnist,rand,20,bec,outage=0.5,frob,ce,0.07217490077018737,22.239754721901516,0.07959003183981436,0.14094263723713407,21.864859479910987,22.16757982113133,307.13696291339954,600.0,0.008137560449540615,5355.77490234375
fcn-4,mnist,rand,20,bec,outage=0.5,frob,01,0.24350000000000005,22.10249317774895,0.21685157599238142,0.14094263723713407,21.864859479910987,21.85899317774895,89.76999251642277,600.0,0.008137560449540615,5355.77490234375
fcn-4,mnist,rand,20,rayleigh-zf,SNR=0.0dB,frob,ce,0.0980923593044281,22.125259953077823,0.07988700976848337,0.025662172475346284,21.864859479910987,22.027167593773395,224.55538586254642,600.0,0.016337046399712563,5355.77490234375
fcn-4,mnist,rand,20,rayleigh-zf,SNR=0.0dB,frob,01,0.28490000000000004,21.98750969091583,0.21763727193047622,0.025662172475346284,21.864859479910987,21.70260969091583,76.17623619135074,600.0,0.016337046399712563,5355.77490234375
fcn-4,mnist,rand,20,rayleigh-zf,SNR=10.0dB,spec,ce,0.051655590534210205,22.157027463993753,0.07988700976848337,0.05742968339127726,21.864859479910987,22.105371873459543,427.9376471133305,600.0,0.11561562865972519,5355.77490234375
fcn-4,mnist,rand,20,rayleigh-zf,SNR=10.0dB,spec,01,0.18610000000000004,22.01927720183176,0.21763727193047622,0.05742968339127726,21.864859479910987,21.83317720183176,117.319598075399,600.0,0.11561562865972519,5355.77490234375
